"DisfluencyErrorType"	"GrammaticalErrorType"	"IPAHints"	"MixedErrorTaxonomy"	"OrthographicErrorType"	"PhonologicalErrorType"	"StructuralErrorType"	"WordAnnotation"	"__id__"	"actual"	"agreement"	"annotation_id"	"annotator"	"annotator_id"	"audio"	"content"	"created_at"	"end_time"	"goldStandard"	"grade"	"id"	"issues"	"lead_time"	"mispronunciation_word"	"nonchild"	"original_audio_name"	"picture"	"produced_word"	"repeated"	"runon"	"segment_time"	"sound"	"spoken_word"	"spoken_words"	"start_time"	"time"	"title"	"topic"	"updated_at"	"userId"	"words"
""	""	"1. a: /eɪ/, /æ/, /ɑ/, /ə/
2. car: /kɑɹ/
3. finn: /fɪn/
5. power: /paʊɚ/, /paʊɹ/
7. racer: /ɹeɪsəɹ/
8. red: /ɹɛd/
9. sturdy: /stɜrdi/
10. that: /ðæt/
11. the: /ði/, /ðɪ/
12. with: /wɪð/, /wɪθ/"	""	""	"[""Consonant Substitution"",{""end"":16.517395520386266,""start"":15.632902360515022,""channel"":0,""choices"":[""Consonant Substitution"",""Vowel Substitution""]}]"	""	"[{""end"":2.096001019955025,""start"":1.4653748081568199,""labels"":[""Phonological Error""],""channel"":0},{""end"":2.7343934259618097,""start"":2.1930772952838544,""labels"":[""Correct""],""channel"":0},{""end"":5.1629717006437765,""start"":4.422465799356223,""labels"":[""Correct""],""channel"":0},{""end"":5.90347760193133,""start"":5.286389350858368,""labels"":[""Correct""],""channel"":0},{""end"":7.634681315199035,""start"":6.841599574697904,""labels"":[""Correct""],""channel"":0},{""end"":9.708855150214593,""start"":9.041287789064276,""labels"":[""Correct""],""channel"":0},{""end"":10.202525751072963,""start"":9.72942475858369,""labels"":[""Correct""],""channel"":0},{""end"":10.778474785407726,""start"":10.227398032829276,""labels"":[""Correct""],""channel"":0},{""end"":12.033220895922746,""start"":11.148727736051502,""labels"":[""Correct""],""channel"":0},{""end"":16.517395520386266,""start"":15.632902360515022,""labels"":[""Phonological Error""],""channel"":0},{""end"":17.052205337982834,""start"":16.584141565445503,""labels"":[""Correct""],""channel"":0},{""end"":17.6075847639485,""start"":17.08064574656164,""labels"":[""Correct""],""channel"":0}]"	"OJ3hCvb3pokTxqbvhJuh"	"Finn the racer had a sturdy red car that purred with power."	100.0	63111552	"emilianapulido@ufl.edu"	75323	"https://2025storiza.michaelbennie.org/audio_clips/0.0_end_18.2_uid_IGe7nmfoeKQG1oyWJEMIv6KIP5Q2_sid_OJ3hCvb3pokTxqbvhJuh_1742508917.mp3"	"Finn the racer had a sturdy red car that purred with power. Early each morning, Finn would hurry to the track. His favorite turn on the racecourse was called the Curvy Curve. The big race day had come, and Finn was ready to join. As he started his car, it made a soft whirr. The engines of many cars trembled with excitement. Finn felt a flutter of thrill inside him. With the starting flag up, Finn surged forward. The sound of the rushing air made a humming melody. As Finn approached the Curvy Curve, he remembered to steer with care. His car turned smoothly like a bird in flight, making him smile with joy. Suddenly, a sharp bump shook Finn's car. He felt uncertainty and his heart thudded fast, but he stayed firm. He gripped the wheel, drove forward and swiftly passed other cars. The crowd cheered as Finn crossed the finish line, his spirits high and triumphant. Finn had won the race! With a grateful smile, he waved to the people. The racing journey had taught him courage, bringing him joy and a feeling of pride."	"2025-06-11T17:57:29.704177Z"	18.170880180834047	"Finn the racer had a sturdy red car that purred with power."	"2nd Grade"	185499469	""	671.293	"[""\/fɪl\/"",""\/poʊwd\/""]"	False	"uid_IGe7nmfoeKQG1oyWJEMIv6KIP5Q2_sid_OJ3hCvb3pokTxqbvhJuh_1742508917.wav"	"images/story/img-SzQsqY8n6jTTM5JtxUFiao74.png"	""	False	False	18.170880180834047	"ir, ur"	"[""Finn"",""the"",""racer"",""had"",""a"",""sturdy"",""red"",""car"",""that"",""purred"",""with""]"	""	0.0	"2025-03-20"	"Race Car"	"R-Controlled Vowels"	"2025-06-12T21:09:51.295754Z"	"IGe7nmfoeKQG1oyWJEMIv6KIP5Q2"	250.0
""	""	"2. big: /bɪɡ/
3. come: /kʌm/
4. day: /deɪ/
5. finn: /fɪn/
7. join: /d͡ʒɔɪn/
8. race: /ɹeɪs/
9. ready: /ɹɛdi/
10. the: /ði/, /ðɪ/
11. to: /toʊ/, /tu/
12. was: /wɑz/, /wəz/, /wʌz/"	""	""	"Consonant Substitution"	""	"[{""end"":2.5070979599330356,""start"":2.0318228664265425,""labels"":[""Correct""],""channel"":0},{""end"":2.9124796573356333,""start"":2.535055318374594,""labels"":[""Correct""],""channel"":0},{""end"":3.4296907885044643,""start"":2.982373053439529,""labels"":[""Correct""],""channel"":0},{""end"":3.890987202790179,""start"":3.485605505387581,""labels"":[""Correct""],""channel"":0},{""end"":4.673793239153815,""start"":4.142603428764205,""labels"":[""Correct""],""channel"":0},{""end"":5.145646282382925,""start"":4.691968762013023,""labels"":[""Disfluency Error""],""channel"":0},{""end"":5.42707698263366,""start"":5.1627411860497,""labels"":[""Correct""],""channel"":0},{""end"":5.912650348097675,""start"":5.48741450141913,""labels"":[""Phonological Error""],""channel"":0},{""end"":7.181134976511135,""start"":6.41910495208551,""labels"":[""Correct""],""channel"":0},{""end"":8.298813336122361,""start"":7.68973393708876,""labels"":[""Correct""],""channel"":0},{""end"":8.914403206758292,""start"":8.368543923730785,""labels"":[""Correct""],""channel"":0},{""end"":9.35245341395718,""start"":8.932702846030491,""labels"":[""Correct""],""channel"":0},{""end"":6.410563176311105,""start"":6.238226557737634,""labels"":[""Unintelligible""],""channel"":0}]"	"OJ3hCvb3pokTxqbvhJuh"	"The big race day had come, and Finn was ready to join."	100.0	63111734	"emilianapulido@ufl.edu"	75323	"https://2025storiza.michaelbennie.org/audio_clips/77.0_end_85.7_uid_IGe7nmfoeKQG1oyWJEMIv6KIP5Q2_sid_OJ3hCvb3pokTxqbvhJuh_1742508917.mp3"	"Finn the racer had a sturdy red car that purred with power. Early each morning, Finn would hurry to the track. His favorite turn on the racecourse was called the Curvy Curve. The big race day had come, and Finn was ready to join. As he started his car, it made a soft whirr. The engines of many cars trembled with excitement. Finn felt a flutter of thrill inside him. With the starting flag up, Finn surged forward. The sound of the rushing air made a humming melody. As Finn approached the Curvy Curve, he remembered to steer with care. His car turned smoothly like a bird in flight, making him smile with joy. Suddenly, a sharp bump shook Finn's car. He felt uncertainty and his heart thudded fast, but he stayed firm. He gripped the wheel, drove forward and swiftly passed other cars. The crowd cheered as Finn crossed the finish line, his spirits high and triumphant. Finn had won the race! With a grateful smile, he waved to the people. The racing journey had taught him courage, bringing him joy and a feeling of pride."	"2025-06-11T18:07:27.144939Z"	85.7425155882074	"The big race day had come, and Finn was ready to join."	"2nd Grade"	185499470	""	704.9499999999999	"/fɪl/"	False	"uid_IGe7nmfoeKQG1oyWJEMIv6KIP5Q2_sid_OJ3hCvb3pokTxqbvhJuh_1742508917.wav"	"images/story/img-SzQsqY8n6jTTM5JtxUFiao74.png"	""	False	False	8.763588344031291	"ir, ur"	"[""The"",""big"",""race"",""day"",""had"",""come"",""and"",""Finn"",""was"",""ready"",""to"",""join""]"	""	76.9789272441761	"2025-03-20"	"Race Car"	"R-Controlled Vowels"	"2025-06-12T21:11:55.420095Z"	"IGe7nmfoeKQG1oyWJEMIv6KIP5Q2"	250.0
"Unfilled Pause"	""	"1. a: /eɪ/, /æ/, /ɑ/, /ə/
2. as: /æs/, /æz/
3. car: /kɑɹ/
4. he: /heɪ/, /hi/, /hʌ/
5. his: /hɪz/, /ɪ̈z/
6. it: /ət/, /ɪt/
7. made: /meɪd/
8. soft: /sɔft/
10. whirr: /wɝ/"	""	""	"Consonant Omission"	""	"[{""end"":1.5958561708291708,""start"":1.111318640839612,""labels"":[""Correct""],""channel"":0},{""end"":1.9168104845154843,""start"":1.6047715684315684,""labels"":[""Correct""],""channel"":0},{""end"":2.4910331065222437,""start"":1.9435566773226773,""labels"":[""Correct""],""channel"":0},{""end"":3.1406646642013247,""start"":2.8311192476495473,""labels"":[""Correct""],""channel"":0},{""end"":3.5971564107707787,""start"":3.1476954720123675,""labels"":[""Correct""],""channel"":0},{""end"":4.264785211808418,""start"":3.9133441141760983,""labels"":[""Correct""],""channel"":0},{""end"":4.672029456699924,""start"":4.273061929066477,""labels"":[""Correct""],""channel"":0},{""end"":5.127378463163989,""start"":4.687464369771613,""labels"":[""Correct""],""channel"":0},{""end"":6.401096394686026,""start"":5.607106740085334,""labels"":[""Correct""],""channel"":0},{""end"":7.897926288683072,""start"":7.360514620074433,""labels"":[""Correct""],""channel"":0},{""end"":7.356709454214692,""start"":6.4042178449135445,""labels"":[""Disfluency Error""],""channel"":0}]"	"OJ3hCvb3pokTxqbvhJuh"	"As he started his car, it made a soft whirr."	100.0	63111915	"emilianapulido@ufl.edu"	75323	"https://2025storiza.michaelbennie.org/audio_clips/85.8_end_92.7_uid_IGe7nmfoeKQG1oyWJEMIv6KIP5Q2_sid_OJ3hCvb3pokTxqbvhJuh_1742508917.mp3"	"Finn the racer had a sturdy red car that purred with power. Early each morning, Finn would hurry to the track. His favorite turn on the racecourse was called the Curvy Curve. The big race day had come, and Finn was ready to join. As he started his car, it made a soft whirr. The engines of many cars trembled with excitement. Finn felt a flutter of thrill inside him. With the starting flag up, Finn surged forward. The sound of the rushing air made a humming melody. As Finn approached the Curvy Curve, he remembered to steer with care. His car turned smoothly like a bird in flight, making him smile with joy. Suddenly, a sharp bump shook Finn's car. He felt uncertainty and his heart thudded fast, but he stayed firm. He gripped the wheel, drove forward and swiftly passed other cars. The crowd cheered as Finn crossed the finish line, his spirits high and triumphant. Finn had won the race! With a grateful smile, he waved to the people. The racing journey had taught him courage, bringing him joy and a feeling of pride."	"2025-06-11T18:15:21.489846Z"	92.74797664099783	"As he started his car, it made a soft whirr."	"2nd Grade"	185499471	""	531.1659999999999	"/sɔf/"	False	"uid_IGe7nmfoeKQG1oyWJEMIv6KIP5Q2_sid_OJ3hCvb3pokTxqbvhJuh_1742508917.wav"	"images/story/img-SzQsqY8n6jTTM5JtxUFiao74.png"	""	False	False	6.924316716271648	"ir, ur"	"[""As"",""he"",""started"",""his"",""it"",""made"",""a"",""soft"",""whir""]"	""	85.8236599247262	"2025-03-20"	"Race Car"	"R-Controlled Vowels"	"2025-06-12T21:27:56.046590Z"	"IGe7nmfoeKQG1oyWJEMIv6KIP5Q2"	250.0
"[""Unfilled Pause"",""Stutter"",""Unfilled Pause"",""Unfilled Pause""]"	""	"1. cars: /kɑɹz/
3. excitement: /ɪksaɪtmənt/
4. many: /mɛni/, /mɪni/
5. of: /ə/, /əv/, /ʌv/
6. the: /ði/, /ðɪ/
7. trembled: /tɹɛmbld/
8. with: /wɪð/, /wɪθ/"	"[{""end"":7.083611138246595,""start"":4.229875541345814,""channel"":0,""taxonomy"":[[""Disfluency Error"",""Unfilled Pause""],[""Other""]]},{""end"":19.83968685314685,""start"":13.887780797202797,""channel"":0,""taxonomy"":[[""Whispering""],[""Disfluency Error"",""Parental Aid""]]}]"	""	""	""	"[{""end"":1.9383602097902097,""start"":1.231428839160839,""labels"":[""Correct""],""channel"":0},{""end"":4.226432579362209,""start"":3.0440995125054617,""labels"":[""Correct""],""channel"":0},{""end"":7.699226685934289,""start"":7.094244426187292,""labels"":[""Correct""],""channel"":0},{""end"":8.938130924285817,""start"":8.009688920032772,""labels"":[""Correct""],""channel"":0},{""end"":7.083611138246595,""start"":4.229875541345814,""labels"":[""Disfluency Error""],""channel"":0},{""end"":9.780656016729433,""start"":9.02356006606448,""labels"":[""Correct""],""channel"":0},{""end"":12.731035097276266,""start"":10.926246791162145,""labels"":[""Disfluency Error""],""channel"":0},{""end"":13.323742168400342,""start"":12.731035097276264,""labels"":[""Correct""],""channel"":0},{""end"":19.83968685314685,""start"":13.887780797202797,""labels"":[""Unintelligible""],""channel"":0},{""end"":21.55000468531468,""start"":19.953708041958038,""labels"":[""Correct""],""channel"":0},{""end"":3.0388547711647114,""start"":1.9441886689186714,""labels"":[""Disfluency Error""],""channel"":0},{""end"":10.91531142986087,""start"":9.799060362218428,""labels"":[""Disfluency Error""],""channel"":0}]"	"OJ3hCvb3pokTxqbvhJuh"	"The engines of many cars trembled with excitement."	100.0	63112180	"emilianapulido@ufl.edu"	75323	"https://2025storiza.michaelbennie.org/audio_clips/93.0_end_113.8_uid_IGe7nmfoeKQG1oyWJEMIv6KIP5Q2_sid_OJ3hCvb3pokTxqbvhJuh_1742508917.mp3"	"Finn the racer had a sturdy red car that purred with power. Early each morning, Finn would hurry to the track. His favorite turn on the racecourse was called the Curvy Curve. The big race day had come, and Finn was ready to join. As he started his car, it made a soft whirr. The engines of many cars trembled with excitement. Finn felt a flutter of thrill inside him. With the starting flag up, Finn surged forward. The sound of the rushing air made a humming melody. As Finn approached the Curvy Curve, he remembered to steer with care. His car turned smoothly like a bird in flight, making him smile with joy. Suddenly, a sharp bump shook Finn's car. He felt uncertainty and his heart thudded fast, but he stayed firm. He gripped the wheel, drove forward and swiftly passed other cars. The crowd cheered as Finn crossed the finish line, his spirits high and triumphant. Finn had won the race! With a grateful smile, he waved to the people. The racing journey had taught him courage, bringing him joy and a feeling of pride."	"2025-06-11T18:31:39.081242Z"	113.81845602371509	"The engines of many cars trembled with excitement."	"2nd Grade"	185499472	"{""text"":[""Whirring in audio from microphone, during an unfilled pause"",""microphone buzzing""]}"	1513.002	"/tɹɛ–tɹɛmbəld/"	False	"uid_IGe7nmfoeKQG1oyWJEMIv6KIP5Q2_sid_OJ3hCvb3pokTxqbvhJuh_1742508917.wav"	"images/story/img-SzQsqY8n6jTTM5JtxUFiao74.png"	"tre-trembled"	False	False	20.827046373160783	"ir, ur"	"[""The"",""engines"",""of"",""many"",""cars"",""trembled"",""with""]"	""	92.99140965055427	"2025-03-20"	"Race Car"	"R-Controlled Vowels"	"2025-06-12T21:28:21.759872Z"	"IGe7nmfoeKQG1oyWJEMIv6KIP5Q2"	250.0
"[""Interjection"",""Prolongation"",""Unfilled Pause""]"	""	"1. a: /eɪ/, /æ/, /ɑ/, /ə/
2. felt: /fɛlt/
3. finn: /fɪn/
4. flutter: /flʌtɚ/
5. him: /hɪm/, /əm/
6. inside: /ɪnsaɪd/
7. of: /ə/, /əv/, /ʌv/
8. thrill: /θɹɪl/"	"[{""end"":2.3270779731262965,""start"":1.0907989357818981,""channel"":0,""taxonomy"":[[""Phonological"",""Consonant Substitution""],[""Disfluency Error"",""Repair""]]},{""end"":20.009800142071757,""start"":18.068468965117027,""channel"":0,""taxonomy"":[[""Orthographic Sub."",""Unrelated""],[""Phonological"",""Consonant Substitution""],[""Phonological"",""Vowel Substitution""]]}]"	""	"Consonant Substitution"	""	"[{""end"":2.3270779731262965,""start"":1.0907989357818981,""labels"":[""Mixed Error""],""channel"":0},{""end"":4.773880234537084,""start"":4.2330081556989105,""labels"":[""Disfluency Error""],""channel"":0},{""end"":5.58747123719584,""start"":4.846900631230376,""labels"":[""Correct""],""channel"":0},{""end"":9.056459865139324,""start"":7.965092656348116,""labels"":[""Correct""],""channel"":0},{""end"":9.913962672046702,""start"":9.095437265453297,""labels"":[""Correct""],""channel"":0},{""end"":15.721595318828493,""start"":14.396363708153453,""labels"":[""Correct""],""channel"":0},{""end"":17.202736530759417,""start"":16.150346722282183,""labels"":[""Correct""],""channel"":0},{""end"":20.009800142071757,""start"":18.068468965117027,""labels"":[""Mixed Error""],""channel"":0},{""end"":22.156551322636027,""start"":20.6754101107051,""labels"":[""Disfluency Error""],""channel"":0},{""end"":23.123240517414317,""start"":22.542640373773548,""labels"":[""Correct""],""channel"":0},{""end"":23.4497193606537,""start"":23.125757496951536,""labels"":[""Correct""],""channel"":0},{""end"":14.355417983818667,""start"":10.061559713218465,""labels"":[""Whispering""],""channel"":0},{""end"":4.100674114032299,""start"":2.4336467854463377,""labels"":[""Unintelligible""],""channel"":0},{""end"":7.925784771664921,""start"":5.619004818289016,""labels"":[""Disfluency Error""],""channel"":0}]"	"OJ3hCvb3pokTxqbvhJuh"	"Finn felt a flutter of thrill inside him."	100.0	63112466	"emilianapulido@ufl.edu"	75323	"https://2025storiza.michaelbennie.org/audio_clips/114.3_end_137.1_uid_IGe7nmfoeKQG1oyWJEMIv6KIP5Q2_sid_OJ3hCvb3pokTxqbvhJuh_1742508917.mp3"	"Finn the racer had a sturdy red car that purred with power. Early each morning, Finn would hurry to the track. His favorite turn on the racecourse was called the Curvy Curve. The big race day had come, and Finn was ready to join. As he started his car, it made a soft whirr. The engines of many cars trembled with excitement. Finn felt a flutter of thrill inside him. With the starting flag up, Finn surged forward. The sound of the rushing air made a humming melody. As Finn approached the Curvy Curve, he remembered to steer with care. His car turned smoothly like a bird in flight, making him smile with joy. Suddenly, a sharp bump shook Finn's car. He felt uncertainty and his heart thudded fast, but he stayed firm. He gripped the wheel, drove forward and swiftly passed other cars. The crowd cheered as Finn crossed the finish line, his spirits high and triumphant. Finn had won the race! With a grateful smile, he waved to the people. The racing journey had taught him courage, bringing him joy and a feeling of pride."	"2025-06-11T18:49:03.108451Z"	137.13392871678602	"Finn felt a flutter of thrill inside him."	"2nd Grade"	185499473	"Word ""Finn"" was self-corrected"	1050.809	"[""\/fɪl\/"",""\/noʊ\/"",""\/ˈθɝoʊ\/"",""\/θːɹɪl\/""]"	False	"uid_IGe7nmfoeKQG1oyWJEMIv6KIP5Q2_sid_OJ3hCvb3pokTxqbvhJuh_1742508917.wav"	"images/story/img-SzQsqY8n6jTTM5JtxUFiao74.png"	"thorough"	False	False	22.82860667395809	"ir, ur"	"[""Finn"",""felt"",""a"",""flutter"",""of"",""thrill"",""thrill"",""inside"",""him"",""flutter""]"	""	114.30532204282792	"2025-03-20"	"Race Car"	"R-Controlled Vowels"	"2025-06-13T01:38:39.232555Z"	"IGe7nmfoeKQG1oyWJEMIv6KIP5Q2"	250.0
"Unfilled Pause"	""	"1. finn: /fɪn/
2. flag: /flæɡ/
3. forward: /foʊwəɹd/, /fɔɹwəɹd/, /fɔɹəɹd/
4. starting: /stɑɹtɪŋ/
6. the: /ði/, /ðɪ/
7. up: /ʌp/
8. with: /wɪð/, /wɪθ/"	"[{""end"":11.592123852127335,""start"":11.077468038759667,""channel"":0,""taxonomy"":[[""Orthographic Sub."",""Contextual""],[""Phonological"",""Consonant Substitution""],[""Phonological"",""Vowel Substitution""]]}]"	""	"Consonant Substitution"	""	"[{""end"":1.4139240614334472,""start"":1.0102595883497403,""labels"":[""Correct""],""channel"":0},{""end"":1.9868343955983796,""start"":1.4266621160409558,""labels"":[""Correct""],""channel"":0},{""end"":3.401060580204778,""start"":2.636777303754266,""labels"":[""Correct""],""channel"":0},{""end"":4.074694996519018,""start"":3.5844309557164156,""labels"":[""Correct""],""channel"":0},{""end"":4.46147610451703,""start"":4.088915529010239,""labels"":[""Correct""],""channel"":0},{""end"":5.006055460750853,""start"":4.465429378873598,""labels"":[""Phonological Error""],""channel"":0},{""end"":11.055244939494504,""start"":5.032423870494203,""labels"":[""Disfluency Error""],""channel"":0},{""end"":11.592123852127335,""start"":11.077468038759667,""labels"":[""Mixed Error""],""channel"":0},{""end"":12.233075874920138,""start"":11.59617314454471,""labels"":[""Correct""],""channel"":0}]"	"OJ3hCvb3pokTxqbvhJuh"	"With the starting flag up, Finn surged forward."	100.0	63156391	"emilianapulido@ufl.edu"	75323	"https://2025storiza.michaelbennie.org/audio_clips/137.1_end_150.1_uid_IGe7nmfoeKQG1oyWJEMIv6KIP5Q2_sid_OJ3hCvb3pokTxqbvhJuh_1742508917.mp3"	"Finn the racer had a sturdy red car that purred with power. Early each morning, Finn would hurry to the track. His favorite turn on the racecourse was called the Curvy Curve. The big race day had come, and Finn was ready to join. As he started his car, it made a soft whirr. The engines of many cars trembled with excitement. Finn felt a flutter of thrill inside him. With the starting flag up, Finn surged forward. The sound of the rushing air made a humming melody. As Finn approached the Curvy Curve, he remembered to steer with care. His car turned smoothly like a bird in flight, making him smile with joy. Suddenly, a sharp bump shook Finn's car. He felt uncertainty and his heart thudded fast, but he stayed firm. He gripped the wheel, drove forward and swiftly passed other cars. The crowd cheered as Finn crossed the finish line, his spirits high and triumphant. Finn had won the race! With a grateful smile, he waved to the people. The racing journey had taught him courage, bringing him joy and a feeling of pride."	"2025-06-12T16:37:01.212637Z"	150.06292633544942	"With the starting flag up, Finn surged forward."	"2nd Grade"	185499474	"{""text"":[""Child read \""starting\"" correctly (they identified the word correctly), however when they didn't know \""surged\"" they recognized the -ed and said \""started\"" which is why i think its contextual because of the word previously seen in the same sentence."",""Semantic similarity for \""surged\""""]}"	1259.1960000000001	"[""\/fɪl\/"",""\/ˈstɑɹɾɪd\/""]"	False	"uid_IGe7nmfoeKQG1oyWJEMIv6KIP5Q2_sid_OJ3hCvb3pokTxqbvhJuh_1742508917.wav"	"images/story/img-SzQsqY8n6jTTM5JtxUFiao74.png"	"started"	False	False	12.92899761866343	"ir, ur"	"[""With"",""the"",""starting"",""flag"",""up"",""Finn"",""surged"",""forward""]"	"the"	137.133928716786	"2025-03-20"	"Race Car"	"R-Controlled Vowels"	"2025-06-12T21:30:34.408000Z"	"IGe7nmfoeKQG1oyWJEMIv6KIP5Q2"	250.0
"[""Unfilled Pause"",""Unfilled Pause""]"	""	"1. a: /eɪ/, /æ/, /ɑ/, /ə/
2. air: /ɛɹ/
3. humming: /hʌmɪŋ/
4. made: /meɪd/
5. melody: /mɛlədi/
6. of: /ə/, /əv/, /ʌv/
7. rushing: /ɹʌʃɪŋ/
8. sound: /saʊnd/
9. the: /ði/, /ðɪ/"	"[{""end"":15.709102459611538,""start"":14.570785155859111,""channel"":0,""taxonomy"":[[""Phonological"",""Consonant Substitution""],[""Phonological"",""Vowel Substitution""],[""Orthographic Sub."",""Contextual""]]}]"	""	""	""	"[{""end"":0.6994254732041049,""start"":0,""labels"":[""Correct""],""channel"":0},{""end"":2.0930598356104597,""start"":1.1390643420752566,""labels"":[""Correct""],""channel"":0},{""end"":2.717767553021665,""start"":2.298112269099202,""labels"":[""Correct""],""channel"":0},{""end"":3.197373591790194,""start"":2.747069749437196,""labels"":[""Correct""],""channel"":0},{""end"":4.340011739707241,""start"":3.6168660216345163,""labels"":[""Correct""],""channel"":0},{""end"":4.750526556732976,""start"":4.35570100989255,""labels"":[""Correct""],""channel"":0},{""end"":5.230987781541074,""start"":4.762245123191709,""labels"":[""Correct""],""channel"":0},{""end"":6.211371570375956,""start"":5.68047959100391,""labels"":[""Unintelligible""],""channel"":0},{""end"":6.708931066638894,""start"":6.214445935885604,""labels"":[""Correct""],""channel"":0},{""end"":8.76892874330734,""start"":8.061326299031908,""labels"":[""Correct""],""channel"":0},{""end"":15.709102459611538,""start"":14.570785155859111,""labels"":[""Mixed Error""],""channel"":0},{""end"":14.5200775842422,""start"":8.796615802900599,""labels"":[""Disfluency Error""],""channel"":0},{""end"":8.023796534396043,""start"":6.719492888746759,""labels"":[""Disfluency Error""],""channel"":0}]"	"OJ3hCvb3pokTxqbvhJuh"	"The sound of the rushing air made a humming melody."	100.0	63156734	"emilianapulido@ufl.edu"	75323	"https://2025storiza.michaelbennie.org/audio_clips/150.1_end_165.6_uid_IGe7nmfoeKQG1oyWJEMIv6KIP5Q2_sid_OJ3hCvb3pokTxqbvhJuh_1742508917.mp3"	"Finn the racer had a sturdy red car that purred with power. Early each morning, Finn would hurry to the track. His favorite turn on the racecourse was called the Curvy Curve. The big race day had come, and Finn was ready to join. As he started his car, it made a soft whirr. The engines of many cars trembled with excitement. Finn felt a flutter of thrill inside him. With the starting flag up, Finn surged forward. The sound of the rushing air made a humming melody. As Finn approached the Curvy Curve, he remembered to steer with care. His car turned smoothly like a bird in flight, making him smile with joy. Suddenly, a sharp bump shook Finn's car. He felt uncertainty and his heart thudded fast, but he stayed firm. He gripped the wheel, drove forward and swiftly passed other cars. The crowd cheered as Finn crossed the finish line, his spirits high and triumphant. Finn had won the race! With a grateful smile, he waved to the people. The racing journey had taught him courage, bringing him joy and a feeling of pride."	"2025-06-12T16:48:48.925280Z"	165.6426389470606	"The sound of the rushing air made a humming melody."	"2nd Grade"	185499475	"I think the substitution of mullaby for ""melody"" is semantically contextual for ""melody""because of the word ""humming"" before it"	783.6990000000001	"/ˈmʌləˌbaɪ/"	False	"uid_IGe7nmfoeKQG1oyWJEMIv6KIP5Q2_sid_OJ3hCvb3pokTxqbvhJuh_1742508917.wav"	"images/story/img-SzQsqY8n6jTTM5JtxUFiao74.png"	"mullaby"	False	False	15.525616387265302	"ir, ur"	"[""sound"",""of"",""the"",""rushing"",""air"",""made"",""a"",""humming"",""melody""]"	""	150.1170225597953	"2025-03-20"	"Race Car"	"R-Controlled Vowels"	"2025-06-12T21:32:11.312190Z"	"IGe7nmfoeKQG1oyWJEMIv6KIP5Q2"	250.0
"[{""end"":7.0091186727898975,""start"":5.226097256027555,""channel"":0,""choices"":[""Stutter"",""Repair""]},""Parental Aid"",""Unfilled Pause""]"	""	"1. approached: /əpɹoʊt͡ʃt/
2. as: /æs/, /æz/
3. care: /kɛɚ/, /kɪəɹ/
4. curve: /kɚv/
5. curvy: /kɚvi/
6. finn: /fɪn/
7. he: /heɪ/, /hi/, /hʌ/
8. remembered: /ɹɪmɛmbɚd/
9. steer: /stɪɚ/, /stɪɹ/
10. the: /ði/, /ðɪ/
11. to: /toʊ/, /tu/
12. with: /wɪð/, /wɪθ/"	"[{""end"":11.680218825740319,""start"":10.338366010250569,""channel"":0,""taxonomy"":[[""Run-on Word""],[""Disfluency Error"",""Word Repetition""]]},{""end"":21.904898963140013,""start"":21.205984242806768,""channel"":0,""taxonomy"":[[""Phonological"",""Vowel Substitution""],[""Orthographic Sub."",""Contextual""]]}]"	""	""	""	"[{""end"":2.797499119402985,""start"":2.182664148105626,""labels"":[""Correct""],""channel"":0},{""end"":3.5585643890432217,""start"":2.851504172051259,""labels"":[""Correct""],""channel"":0},{""end"":7.0091186727898975,""start"":5.226097256027555,""labels"":[""Disfluency Error""],""channel"":0},{""end"":8.34739418736234,""start"":7.685157034168565,""labels"":[""Correct""],""channel"":0},{""end"":11.680218825740319,""start"":10.338366010250569,""labels"":[""Mixed Error""],""channel"":0},{""end"":10.094392771070616,""start"":9.088003159453303,""labels"":[""Disfluency Error""],""channel"":0},{""end"":12.74760174715262,""start"":11.954688719817767,""labels"":[""Correct""],""channel"":0},{""end"":13.753991358769932,""start"":13.022071641230069,""labels"":[""Correct""],""channel"":0},{""end"":15.431307378132118,""start"":14.058957907744874,""labels"":[""Correct""],""channel"":0},{""end"":16.343277323764593,""start"":16.041240476082002,""labels"":[""Correct""],""channel"":0},{""end"":16.761550446813708,""start"":16.35923453056157,""labels"":[""Correct""],""channel"":0},{""end"":17.278387390499287,""start"":16.789147086266016,""labels"":[""Correct""],""channel"":0},{""end"":21.904898963140013,""start"":21.205984242806768,""labels"":[""Mixed Error""],""channel"":0},{""end"":21.132673098586213,""start"":17.433037217622864,""labels"":[""Disfluency Error""],""channel"":0},{""end"":4.088382476736829,""start"":3.6425883299216246,""labels"":[""Unintelligible""],""channel"":0}]"	"OJ3hCvb3pokTxqbvhJuh"	"As Finn approached the Curvy Curve, he remembered to steer with care."	100.0	63157471	"emilianapulido@ufl.edu"	75323	"https://2025storiza.michaelbennie.org/audio_clips/165.9_end_190.7_uid_IGe7nmfoeKQG1oyWJEMIv6KIP5Q2_sid_OJ3hCvb3pokTxqbvhJuh_1742508917.mp3"	"Finn the racer had a sturdy red car that purred with power. Early each morning, Finn would hurry to the track. His favorite turn on the racecourse was called the Curvy Curve. The big race day had come, and Finn was ready to join. As he started his car, it made a soft whirr. The engines of many cars trembled with excitement. Finn felt a flutter of thrill inside him. With the starting flag up, Finn surged forward. The sound of the rushing air made a humming melody. As Finn approached the Curvy Curve, he remembered to steer with care. His car turned smoothly like a bird in flight, making him smile with joy. Suddenly, a sharp bump shook Finn's car. He felt uncertainty and his heart thudded fast, but he stayed firm. He gripped the wheel, drove forward and swiftly passed other cars. The crowd cheered as Finn crossed the finish line, his spirits high and triumphant. Finn had won the race! With a grateful smile, he waved to the people. The racing journey had taught him courage, bringing him joy and a feeling of pride."	"2025-06-12T17:10:33.406984Z"	190.66214270702653	"As Finn approached the Curvy Curve, he remembered to steer with care."	"2nd Grade"	185499476	"{""text"":[""I think it is contextual as well because the it makes sense that you steer with a car"",""Sounds like parental aid with the parent helping hem make the \""k\"" sound for something that starts with a \""c\""""]}"	839.8660000000001	"[""\/ʌp əˈpɹoʊtʃt\/"",""[kʰʌʰ]"",""\/kɑɹ\/""]"	False	"uid_IGe7nmfoeKQG1oyWJEMIv6KIP5Q2_sid_OJ3hCvb3pokTxqbvhJuh_1742508917.wav"	"images/story/img-SzQsqY8n6jTTM5JtxUFiao74.png"	"[""theCurvy"",""car""]"	False	False	24.776070750409502	"ir, ur"	"[""As"",""Finn"",""approached"",""the"",""Curvy"",""Curvy"",""he"",""remembered"",""to"",""steer"",""with"",""care""]"	""	165.88607195661703	"2025-03-20"	"Race Car"	"R-Controlled Vowels"	"2025-06-12T21:33:49.602585Z"	"IGe7nmfoeKQG1oyWJEMIv6KIP5Q2"	250.0
"Unfilled Pause"	""	"1. a: /eɪ/, /æ/, /ɑ/, /ə/
2. bird: /bɜɹd/
3. car: /kɑɹ/
4. flight: /flaɪt/
5. him: /hɪm/, /əm/
6. his: /hɪz/, /ɪ̈z/
7. in: /ən/, /ɪn/
8. joy: /d͡ʒɔɪ/
9. like: /laɪk/
10. making: /meɪkɪŋ/
11. smile: /smaɪl/, /smaɪəl/
12. smoothly: /smuðli/
13. turned: /tɝnd/
14. with: /wɪð/, /wɪθ/"	""	""	""	""	"[{""end"":1.3335336765375854,""start"":0.7596077904328018,""labels"":[""Correct""],""channel"":0},{""end"":2.042500947608201,""start"":1.4179345421412302,""labels"":[""Correct""],""channel"":0},{""end"":2.7852285649202737,""start"":2.228182851936219,""labels"":[""Correct""],""channel"":0},{""end"":5.097812282460136,""start"":2.903389776765376,""labels"":[""Disfluency Error""],""channel"":0},{""end"":6.973653091892383,""start"":6.397953836969002,""labels"":[""Correct""],""channel"":0},{""end"":7.200280904821363,""start"":6.990844449214724,""labels"":[""Correct""],""channel"":0},{""end"":7.697391572439422,""start"":7.235186980755803,""labels"":[""Correct""],""channel"":0},{""end"":8.193298582266637,""start"":7.772018355471673,""labels"":[""Correct""],""channel"":0},{""end"":9.481212418468383,""start"":9.093634609817016,""labels"":[""Correct""],""channel"":0},{""end"":10.38275210380961,""start"":9.502454456764855,""labels"":[""Correct""],""channel"":0},{""end"":11.216324453656474,""start"":10.735744473044925,""labels"":[""Correct""],""channel"":0},{""end"":11.966183833591925,""start"":11.22276654454939,""labels"":[""Correct""],""channel"":0},{""end"":12.341757732648944,""start"":12.057017315182044,""labels"":[""Unintelligible""],""channel"":0},{""end"":12.747338245061867,""start"":12.428081750614021,""labels"":[""Correct""],""channel"":0},{""end"":13.252422014255776,""start"":12.762878993401301,""labels"":[""Correct""],""channel"":0},{""end"":6.278842994259472,""start"":5.223861244546498,""labels"":[""Correct""],""channel"":0}]"	"OJ3hCvb3pokTxqbvhJuh"	"His car turned smoothly like a bird in flight, making him smile with joy."	100.0	63160194	"emilianapulido@ufl.edu"	75323	"https://2025storiza.michaelbennie.org/audio_clips/190.9_end_203.7_uid_IGe7nmfoeKQG1oyWJEMIv6KIP5Q2_sid_OJ3hCvb3pokTxqbvhJuh_1742508917.mp3"	"Finn the racer had a sturdy red car that purred with power. Early each morning, Finn would hurry to the track. His favorite turn on the racecourse was called the Curvy Curve. The big race day had come, and Finn was ready to join. As he started his car, it made a soft whirr. The engines of many cars trembled with excitement. Finn felt a flutter of thrill inside him. With the starting flag up, Finn surged forward. The sound of the rushing air made a humming melody. As Finn approached the Curvy Curve, he remembered to steer with care. His car turned smoothly like a bird in flight, making him smile with joy. Suddenly, a sharp bump shook Finn's car. He felt uncertainty and his heart thudded fast, but he stayed firm. He gripped the wheel, drove forward and swiftly passed other cars. The crowd cheered as Finn crossed the finish line, his spirits high and triumphant. Finn had won the race! With a grateful smile, he waved to the people. The racing journey had taught him courage, bringing him joy and a feeling of pride."	"2025-06-12T19:00:25.544880Z"	203.69933277438167	"His car turned smoothly like a bird in flight, making him smile with joy."	"2nd Grade"	185499477	""	861.942	""	False	"uid_IGe7nmfoeKQG1oyWJEMIv6KIP5Q2_sid_OJ3hCvb3pokTxqbvhJuh_1742508917.wav"	"images/story/img-SzQsqY8n6jTTM5JtxUFiao74.png"	""	False	False	12.82080516997172	"ir, ur"	"[""His"",""car"",""turned"",""like"",""a"",""bird"",""in"",""flight"",""making"",""him"",""smile"",""with"",""joy"",""smoothly""]"	""	190.87852760440995	"2025-03-20"	"Race Car"	"R-Controlled Vowels"	"2025-06-12T19:00:25.544889Z"	"IGe7nmfoeKQG1oyWJEMIv6KIP5Q2"	250.0
"[""Unfilled Pause"",""Unfilled Pause""]"	""	"1. a: /eɪ/, /æ/, /ɑ/, /ə/
2. bump: /bʌmp/
3. car: /kɑɹ/
5. sharp: /ʃɑɹp/
6. shook: /ʃʊk/
7. suddenly: /sʌdnli/"	""	""	""	""	"[{""end"":2.122936942594718,""start"":1.2774382468427095,""labels"":[""Correct""],""channel"":0},{""end"":2.396932498797479,""start"":2.1446238147135337,""labels"":[""Correct""],""channel"":0},{""end"":2.8180392461770207,""start"":2.4010784161415812,""labels"":[""Correct""],""channel"":0},{""end"":4.005548428309205,""start"":2.8470606675857377,""labels"":[""Disfluency Error""],""channel"":0},{""end"":4.453899775378563,""start"":4.01561708471631,""labels"":[""Correct""],""channel"":0},{""end"":5.210857542725158,""start"":4.47767155681408,""labels"":[""Disfluency Error""],""channel"":0},{""end"":5.798715592143147,""start"":5.246207581331585,""labels"":[""Correct""],""channel"":0},{""end"":6.319801346415662,""start"":5.811808199034416,""labels"":[""Correct""],""channel"":0},{""end"":6.757094416584055,""start"":6.335512474685186,""labels"":[""Correct""],""channel"":0}]"	"OJ3hCvb3pokTxqbvhJuh"	"Suddenly, a sharp bump shook Finn's car."	100.0	63160240	"emilianapulido@ufl.edu"	75323	"https://2025storiza.michaelbennie.org/audio_clips/203.8_end_209.8_uid_IGe7nmfoeKQG1oyWJEMIv6KIP5Q2_sid_OJ3hCvb3pokTxqbvhJuh_1742508917.mp3"	"Finn the racer had a sturdy red car that purred with power. Early each morning, Finn would hurry to the track. His favorite turn on the racecourse was called the Curvy Curve. The big race day had come, and Finn was ready to join. As he started his car, it made a soft whirr. The engines of many cars trembled with excitement. Finn felt a flutter of thrill inside him. With the starting flag up, Finn surged forward. The sound of the rushing air made a humming melody. As Finn approached the Curvy Curve, he remembered to steer with care. His car turned smoothly like a bird in flight, making him smile with joy. Suddenly, a sharp bump shook Finn's car. He felt uncertainty and his heart thudded fast, but he stayed firm. He gripped the wheel, drove forward and swiftly passed other cars. The crowd cheered as Finn crossed the finish line, his spirits high and triumphant. Finn had won the race! With a grateful smile, he waved to the people. The racing journey had taught him courage, bringing him joy and a feeling of pride."	"2025-06-12T19:04:25.122726Z"	209.785162405706	"Suddenly, a sharp bump shook Finn's car."	"2nd Grade"	185499478	""	236.47	""	False	"uid_IGe7nmfoeKQG1oyWJEMIv6KIP5Q2_sid_OJ3hCvb3pokTxqbvhJuh_1742508917.wav"	"images/story/img-SzQsqY8n6jTTM5JtxUFiao74.png"	""	False	False	6.004680902391812	"ir, ur"	"[""Suddenly"",""a"",""sharp"",""bump"",""shook"",""Finn's"",""car""]"	""	203.78048150331415	"2025-03-20"	"Race Car"	"R-Controlled Vowels"	"2025-06-12T19:04:25.122734Z"	"IGe7nmfoeKQG1oyWJEMIv6KIP5Q2"	250.0
"Unfilled Pause"	""	"2. but: /bʌt/
3. fast: /fæst/
4. felt: /fɛlt/
5. firm: /fɜɹm/
6. he: /heɪ/, /hi/, /hʌ/
7. heart: /hɑɹt/
8. his: /hɪz/, /ɪ̈z/
9. stayed: /steɪd/
11. uncertainty: /ʌnsɝtənti/"	"[{""end"":10.197057198243222,""start"":8.429643795283788,""channel"":0,""taxonomy"":[[""Orthographic Sub."",""Unrelated""],[""Phonological"",""Consonant Substitution""],[""Phonological"",""Vowel Substitution""]]}]"	""	""	""	"[{""end"":2.325996487908396,""start"":1.9473672989690722,""labels"":[""Correct""],""channel"":0},{""end"":2.8921310230245267,""start"":2.3642023442184623,""labels"":[""Correct""],""channel"":0},{""end"":4.493132125055961,""start"":3.5405651611232796,""labels"":[""Unintelligible""],""channel"":0},{""end"":6.11708664790505,""start"":4.992369027839957,""labels"":[""Unintelligible""],""channel"":0},{""end"":10.197057198243222,""start"":8.429643795283788,""labels"":[""Mixed Error""],""channel"":0},{""end"":11.539832316076039,""start"":10.98895021645232,""labels"":[""Correct""],""channel"":0},{""end"":12.067760994882104,""start"":11.57426244730252,""labels"":[""Correct""],""channel"":0},{""end"":13.324460784648712,""start"":12.64733487052789,""labels"":[""Correct""],""channel"":0},{""end"":19.533361115824384,""start"":18.580794151891702,""labels"":[""Correct""],""channel"":0},{""end"":18.52914895505198,""start"":13.387582691897263,""labels"":[""Disfluency Error""],""channel"":0},{""end"":20.669555446298304,""start"":19.831755586453898,""labels"":[""Correct""],""channel"":0},{""end"":21.358158070827955,""start"":20.73841570875127,""labels"":[""Correct""],""channel"":0},{""end"":23.53873304850518,""start"":22.2533414827165,""labels"":[""Unintelligible""],""channel"":0},{""end"":24.347841132327513,""start"":23.54447140370959,""labels"":[""Correct""],""channel"":0},{""end"":26.339050388259082,""start"":25.31762316187344,""labels"":[""Correct""],""channel"":0},{""end"":29.202489635261543,""start"":27.445465245391844,""labels"":[""Whispering""],""channel"":0},{""end"":30.390329162575185,""start"":29.35742522578071,""labels"":[""Correct""],""channel"":0}]"	"OJ3hCvb3pokTxqbvhJuh"	"He felt uncertainty and his heart thudded fast, but he stayed firm."	100.0	63161425	"emilianapulido@ufl.edu"	75323	"https://2025storiza.michaelbennie.org/audio_clips/210.0_end_239.5_uid_IGe7nmfoeKQG1oyWJEMIv6KIP5Q2_sid_OJ3hCvb3pokTxqbvhJuh_1742508917.mp3"	"Finn the racer had a sturdy red car that purred with power. Early each morning, Finn would hurry to the track. His favorite turn on the racecourse was called the Curvy Curve. The big race day had come, and Finn was ready to join. As he started his car, it made a soft whirr. The engines of many cars trembled with excitement. Finn felt a flutter of thrill inside him. With the starting flag up, Finn surged forward. The sound of the rushing air made a humming melody. As Finn approached the Curvy Curve, he remembered to steer with care. His car turned smoothly like a bird in flight, making him smile with joy. Suddenly, a sharp bump shook Finn's car. He felt uncertainty and his heart thudded fast, but he stayed firm. He gripped the wheel, drove forward and swiftly passed other cars. The crowd cheered as Finn crossed the finish line, his spirits high and triumphant. Finn had won the race! With a grateful smile, he waved to the people. The racing journey had taught him courage, bringing him joy and a feeling of pride."	"2025-06-12T19:55:55.922878Z"	239.48398517917613	"He felt uncertainty and his heart thudded fast, but he stayed firm."	"2nd Grade"	185499479	"Child ""whipsers"" practicing the ""f"" sound to say the word firm"	684.826	"/ˈʌŋɡɚˌteɪtɪd/"	False	"uid_IGe7nmfoeKQG1oyWJEMIv6KIP5Q2_sid_OJ3hCvb3pokTxqbvhJuh_1742508917.wav"	"images/story/img-SzQsqY8n6jTTM5JtxUFiao74.png"	"ungertated"	False	False	29.482442268500336	"ir, ur"	"[""He"",""felt"",""uncertainty"",""and"",""his"",""heart"",""thudded"",""fast"",""but"",""he"",""stayed"",""firm"",""firm""]"	""	210.0015429106758	"2025-03-20"	"Race Car"	"R-Controlled Vowels"	"2025-06-12T19:57:17.809405Z"	"IGe7nmfoeKQG1oyWJEMIv6KIP5Q2"	250.0
"[""Unfilled Pause"",""Unfilled Pause"",""Broken Word""]"	"[""Omission"",""Omission""]"	"2. cars: /kɑɹz/
3. drove: /dɹoʊv/
4. forward: /foʊwəɹd/, /fɔɹwəɹd/, /fɔɹəɹd/
5. gripped: /ɡɹɪpt/
6. he: /heɪ/, /hi/, /hʌ/
7. other: /ʌðɚ/
8. passed: /pæst/
9. swiftly: /swɪftli/
10. the: /ði/, /ðɪ/
11. wheel: /wil/, /ʍil/"	"[{""end"":10.198626851159943,""start"":9.97720170731267,""channel"":0,""taxonomy"":[[""Orthographic Sub."",""Unrelated""],[""Phonological"",""Consonant Omission""]]},{""end"":10.82061623092537,""start"":10.219385458395626,""channel"":0,""taxonomy"":[[""Grammatical"",""Omission""],[""Disfluency Error"",""Repair""]]},{""end"":11.439530261470695,""start"":10.855213909651505,""channel"":0,""taxonomy"":[[""Grammatical"",""Omission""],[""Disfluency Error"",""Repair""]]}]"	"Contextual Substitution"	""	"Word Insertion"	"[{""end"":2.451165326460481,""start"":1.2575543848797248,""labels"":[""Correct""],""channel"":0},{""end"":5.908954774510794,""start"":4.8902584445545045,""labels"":[""Run-on""],""channel"":0},{""end"":7.534605589247451,""start"":5.9123588756441725,""labels"":[""Disfluency Error""],""channel"":0},{""end"":8.24501125909078,""start"":7.560746057618309,""labels"":[""Correct""],""channel"":0},{""end"":9.381352795918101,""start"":8.70170061827578,""labels"":[""Orthographic Error""],""channel"":0},{""end"":10.198626851159943,""start"":9.97720170731267,""labels"":[""Mixed Error""],""channel"":0},{""end"":10.82061623092537,""start"":10.219385458395626,""labels"":[""Mixed Error""],""channel"":0},{""end"":11.439530261470695,""start"":10.855213909651505,""labels"":[""Mixed Error""],""channel"":0},{""end"":13.193691581543598,""start"":11.521599211472935,""labels"":[""Disfluency Error""],""channel"":0},{""end"":13.418071424325548,""start"":13.204077248438448,""labels"":[""Correct""],""channel"":0},{""end"":15.103356081833931,""start"":13.433113749313849,""labels"":[""Disfluency Error""],""channel"":0},{""end"":16.066626686331162,""start"":15.557729008483568,""labels"":[""Correct""],""channel"":0},{""end"":16.335355817235374,""start"":16.075714144864154,""labels"":[""Correct""],""channel"":0},{""end"":16.87411228740566,""start"":16.352232525939506,""labels"":[""Correct""],""channel"":0},{""end"":4.881016171821305,""start"":4.071065890034364,""labels"":[""Correct""],""channel"":0}]"	"OJ3hCvb3pokTxqbvhJuh"	"He gripped the wheel, drove forward and swiftly passed other cars."	100.0	63161870	"emilianapulido@ufl.edu"	75323	"https://2025storiza.michaelbennie.org/audio_clips/239.9_end_256.5_uid_IGe7nmfoeKQG1oyWJEMIv6KIP5Q2_sid_OJ3hCvb3pokTxqbvhJuh_1742508917.mp3"	"Finn the racer had a sturdy red car that purred with power. Early each morning, Finn would hurry to the track. His favorite turn on the racecourse was called the Curvy Curve. The big race day had come, and Finn was ready to join. As he started his car, it made a soft whirr. The engines of many cars trembled with excitement. Finn felt a flutter of thrill inside him. With the starting flag up, Finn surged forward. The sound of the rushing air made a humming melody. As Finn approached the Curvy Curve, he remembered to steer with care. His car turned smoothly like a bird in flight, making him smile with joy. Suddenly, a sharp bump shook Finn's car. He felt uncertainty and his heart thudded fast, but he stayed firm. He gripped the wheel, drove forward and swiftly passed other cars. The crowd cheered as Finn crossed the finish line, his spirits high and triumphant. Finn had won the race! With a grateful smile, he waved to the people. The racing journey had taught him courage, bringing him joy and a feeling of pride."	"2025-06-12T20:21:08.376280Z"	256.4972477359529	"He gripped the wheel, drove forward and swiftly passed other cars."	"2nd Grade"	185499480	"{""text"":[""\""and\"" was self-corrected"",""\""passed\"" was self-corrected""]}"	1784.2959999999998	"[""\/θɹu\/"",""\/eɪ\/"",""\/swɪft\/"",""\/pæs\/"",""\/swɪft..ˈli\/""]"	False	"uid_IGe7nmfoeKQG1oyWJEMIv6KIP5Q2_sid_OJ3hCvb3pokTxqbvhJuh_1742508917.wav"	"images/story/img-SzQsqY8n6jTTM5JtxUFiao74.png"	"[""through"",""a"",""swift"",""pass""]"	False	False	16.607540874182774	"ir, ur"	"[""He"",""drove"",""forward"",""and"",""swiftly"",""passed"",""and"",""swiftly"",""passed"",""other"",""cars"",""gripped""]"	"the wheel"	239.88970686177015	"2025-03-20"	"Race Car"	"R-Controlled Vowels"	"2025-06-13T01:40:51.905879Z"	"IGe7nmfoeKQG1oyWJEMIv6KIP5Q2"	250.0
"[""Unfilled Pause"",""Word Repetition"",{""end"":12.918775740407122,""start"":12.478287089365173,""channel"":0,""choices"":[""Word Repetition"",""Repair""]},""Word Repetition"",""Unfilled Pause""]"	""	"2. as: /æs/, /æz/
3. cheered: /t͡ʃɪɹd/
4. crossed: /kɹɔst/
5. crowd: /kɹaʊd/
6. finish: /fɪnɪʃ/
7. finn: /fɪn/
8. high: /haɪ/
9. his: /hɪz/, /ɪ̈z/
10. line: /laɪn/
11. spirits: /spɪɹɪts/
12. the: /ði/, /ðɪ/
13. triumphant: /tɹaɪʌmfənt/"	"[{""end"":10.985519994167449,""start"":10.429347454973067,""channel"":0,""taxonomy"":[[""Phonological"",""Vowel Omission""],[""Disfluency Error"",""Repair""]]}]"	""	"Vowel Omission"	""	"[{""end"":0.9468288667229292,""start"":0.6424192439862543,""labels"":[""Correct""],""channel"":0},{""end"":1.5967951004111811,""start"":0.9818132036311993,""labels"":[""Correct""],""channel"":0},{""end"":2.386701158675226,""start"":1.8773131585915237,""labels"":[""Correct""],""channel"":0},{""end"":2.770480808573619,""start"":2.3937666086926237,""labels"":[""Correct""],""channel"":0},{""end"":3.354832756420517,""start"":2.779379569200729,""labels"":[""Correct""],""channel"":0},{""end"":4.178709677813796,""start"":3.8034786047039852,""labels"":[""Correct""],""channel"":0},{""end"":4.381156482080551,""start"":4.188350001826499,""labels"":[""Correct""],""channel"":0},{""end"":4.870588316571609,""start"":4.388572115936476,""labels"":[""Correct""],""channel"":0},{""end"":5.304402897143227,""start"":4.883194894126681,""labels"":[""Correct""],""channel"":0},{""end"":6.355198214527814,""start"":5.837586971384241,""labels"":[""Correct""],""channel"":0},{""end"":7.004066176921261,""start"":6.759350259675732,""labels"":[""Whispering""],""channel"":0},{""end"":9.200576925046276,""start"":7.058471774716878,""labels"":[""Disfluency Error""],""channel"":0},{""end"":9.543920772575609,""start"":9.220599136457274,""labels"":[""Whispering""],""channel"":0},{""end"":10.384853662205145,""start"":10.059410300815008,""labels"":[""Disfluency Error""],""channel"":0},{""end"":10.985519994167449,""start"":10.429347454973067,""labels"":[""Mixed Error""],""channel"":0},{""end"":11.771784613213157,""start"":11.114080119287895,""labels"":[""Correct""],""channel"":0},{""end"":12.453073934255027,""start"":11.790116267535323,""labels"":[""Unintelligible""],""channel"":0},{""end"":12.918775740407122,""start"":12.478287089365173,""labels"":[""Disfluency Error""],""channel"":0},{""end"":13.809727981399083,""start"":12.977476754736626,""labels"":[""Correct""],""channel"":0},{""end"":15.099012085076179,""start"":14.41346276955422,""labels"":[""Disfluency Error""],""channel"":0},{""end"":16.037057959195728,""start"":15.351508643673773,""labels"":[""Correct""],""channel"":0},{""end"":22.65698169941084,""start"":21.339485689745185,""labels"":[""Correct""],""channel"":0},{""end"":18.780207809373174,""start"":16.342626440804427,""labels"":[""Disfluency Error""],""channel"":0},{""end"":20.559426489161556,""start"":18.892102845237787,""labels"":[""Whispering""],""channel"":0}]"	"OJ3hCvb3pokTxqbvhJuh"	"The crowd cheered as Finn crossed the finish line, his spirits high and triumphant."	100.0	63162233	"emilianapulido@ufl.edu"	75323	"https://2025storiza.michaelbennie.org/audio_clips/256.6_end_277.9_uid_IGe7nmfoeKQG1oyWJEMIv6KIP5Q2_sid_OJ3hCvb3pokTxqbvhJuh_1742508917.mp3"	"Finn the racer had a sturdy red car that purred with power. Early each morning, Finn would hurry to the track. His favorite turn on the racecourse was called the Curvy Curve. The big race day had come, and Finn was ready to join. As he started his car, it made a soft whirr. The engines of many cars trembled with excitement. Finn felt a flutter of thrill inside him. With the starting flag up, Finn surged forward. The sound of the rushing air made a humming melody. As Finn approached the Curvy Curve, he remembered to steer with care. His car turned smoothly like a bird in flight, making him smile with joy. Suddenly, a sharp bump shook Finn's car. He felt uncertainty and his heart thudded fast, but he stayed firm. He gripped the wheel, drove forward and swiftly passed other cars. The crowd cheered as Finn crossed the finish line, his spirits high and triumphant. Finn had won the race! With a grateful smile, he waved to the people. The racing journey had taught him courage, bringing him joy and a feeling of pride."	"2025-06-12T20:41:05.312447Z"	277.94640508150496	"The crowd cheered as Finn crossed the finish line, his spirits high and triumphant."	"2nd Grade"	185499481	"{""text"":[""practices by whispering the \""s\"" sound"",""child self-corrected \""spirits\""""]}"	933.542	"/spɹɪts/"	False	"uid_IGe7nmfoeKQG1oyWJEMIv6KIP5Q2_sid_OJ3hCvb3pokTxqbvhJuh_1742508917.wav"	"images/story/img-SzQsqY8n6jTTM5JtxUFiao74.png"	"spritz"	False	False	21.36800861661948	"ir, ur"	"[""The"",""crowd"",""cheered"",""as"",""Finn"",""crossed"",""the"",""finish"",""line"",""his"",""spirits"",""spirits"",""his"",""spirits"",""high"",""his"",""spirits"",""high"",""and"",""triumphant"",""triumphant""]"	""	256.5783964648855	"2025-03-20"	"Race Car"	"R-Controlled Vowels"	"2025-06-13T01:41:36.666703Z"	"IGe7nmfoeKQG1oyWJEMIv6KIP5Q2"	250.0
""	""	"1. finn: /fɪn/
3. race: /ɹeɪs/
4. the: /ði/, /ðɪ/
5. won: /wɑn/, /wʌn/"	""	""	""	""	"[{""end"":2.8207196763566538,""start"":2.4182774421534936,""labels"":[""Correct""],""channel"":0},{""end"":3.1532625127453606,""start"":2.8228800485771983,""labels"":[""Correct""],""channel"":0},{""end"":3.6887514780528243,""start"":3.1596042163071103,""labels"":[""Correct""],""channel"":0},{""end"":4.117520457685837,""start"":3.954982106142416,""labels"":[""Correct""],""channel"":0},{""end"":4.65778380444647,""start"":4.122820621323122,""labels"":[""Correct""],""channel"":0}]"	"OJ3hCvb3pokTxqbvhJuh"	"Finn had won the race!"	100.0	63162324	"emilianapulido@ufl.edu"	75323	"https://2025storiza.michaelbennie.org/audio_clips/278.2_end_281.8_uid_IGe7nmfoeKQG1oyWJEMIv6KIP5Q2_sid_OJ3hCvb3pokTxqbvhJuh_1742508917.mp3"	"Finn the racer had a sturdy red car that purred with power. Early each morning, Finn would hurry to the track. His favorite turn on the racecourse was called the Curvy Curve. The big race day had come, and Finn was ready to join. As he started his car, it made a soft whirr. The engines of many cars trembled with excitement. Finn felt a flutter of thrill inside him. With the starting flag up, Finn surged forward. The sound of the rushing air made a humming melody. As Finn approached the Curvy Curve, he remembered to steer with care. His car turned smoothly like a bird in flight, making him smile with joy. Suddenly, a sharp bump shook Finn's car. He felt uncertainty and his heart thudded fast, but he stayed firm. He gripped the wheel, drove forward and swiftly passed other cars. The crowd cheered as Finn crossed the finish line, his spirits high and triumphant. Finn had won the race! With a grateful smile, he waved to the people. The racing journey had taught him courage, bringing him joy and a feeling of pride."	"2025-06-12T20:45:57.641675Z"	281.76018450547525	"Finn had won the race!"	"2nd Grade"	185499482	""	217.245	""	False	"uid_IGe7nmfoeKQG1oyWJEMIv6KIP5Q2_sid_OJ3hCvb3pokTxqbvhJuh_1742508917.wav"	"images/story/img-SzQsqY8n6jTTM5JtxUFiao74.png"	""	False	False	3.570350806827605	"ir, ur"	"[""Finn"",""had"",""won"",""the"",""race""]"	""	278.18983369864765	"2025-03-20"	"Race Car"	"R-Controlled Vowels"	"2025-06-12T21:37:28.589336Z"	"IGe7nmfoeKQG1oyWJEMIv6KIP5Q2"	250.0
"[""Unfilled Pause"",""Word Repetition"",""Word Repetition""]"	""	"1. a: /eɪ/, /æ/, /ɑ/, /ə/
2. grateful: /ɡɹeɪtfəl/
3. he: /heɪ/, /hi/, /hʌ/
4. people: /pipl/, /pipəl/
5. smile: /smaɪl/, /smaɪəl/
6. the: /ði/, /ðɪ/
7. to: /toʊ/, /tu/
8. waved: /weɪvd/
9. with: /wɪð/, /wɪθ/"	""	""	""	""	"[{""end"":2.080854222095672,""start"":1.7065998656036447,""labels"":[""Correct""],""channel"":0},{""end"":2.60481032118451,""start"":2.0958243963553533,""labels"":[""Correct""],""channel"":0},{""end"":3.308408511389522,""start"":2.709601541002278,""labels"":[""Unintelligible""],""channel"":0},{""end"":6.66938596263633,""start"":3.4431400797266516,""labels"":[""Disfluency Error""],""channel"":0},{""end"":6.929352564201592,""start"":6.751548591116173,""labels"":[""Disfluency Error""],""channel"":0},{""end"":8.81161581912658,""start"":8.586547180730076,""labels"":[""Unintelligible""],""channel"":0},{""end"":9.216501200368967,""start"":8.917600521863559,""labels"":[""Correct""],""channel"":0},{""end"":9.895214359608023,""start"":9.222455397151943,""labels"":[""Correct""],""channel"":0},{""end"":10.413294753747197,""start"":10.16917268564517,""labels"":[""Correct""],""channel"":0},{""end"":10.70147787804325,""start"":10.419248950530173,""labels"":[""Correct""],""channel"":0},{""end"":11.396928062294878,""start"":10.71100459289601,""labels"":[""Correct""],""channel"":0},{""end"":7.073233521913666,""start"":6.934061103079717,""labels"":[""Disfluency Error""],""channel"":0},{""end"":7.588171471599279,""start"":7.075689505775441,""labels"":[""Correct""],""channel"":0},{""end"":8.285670888343542,""start"":7.589808794173795,""labels"":[""Correct""],""channel"":0}]"	"OJ3hCvb3pokTxqbvhJuh"	"With a grateful smile, he waved to the people."	100.0	63165783	"emilianapulido@ufl.edu"	75323	"https://2025storiza.michaelbennie.org/audio_clips/281.6_end_292.8_uid_IGe7nmfoeKQG1oyWJEMIv6KIP5Q2_sid_OJ3hCvb3pokTxqbvhJuh_1742508917.mp3"	"Finn the racer had a sturdy red car that purred with power. Early each morning, Finn would hurry to the track. His favorite turn on the racecourse was called the Curvy Curve. The big race day had come, and Finn was ready to join. As he started his car, it made a soft whirr. The engines of many cars trembled with excitement. Finn felt a flutter of thrill inside him. With the starting flag up, Finn surged forward. The sound of the rushing air made a humming melody. As Finn approached the Curvy Curve, he remembered to steer with care. His car turned smoothly like a bird in flight, making him smile with joy. Suddenly, a sharp bump shook Finn's car. He felt uncertainty and his heart thudded fast, but he stayed firm. He gripped the wheel, drove forward and swiftly passed other cars. The crowd cheered as Finn crossed the finish line, his spirits high and triumphant. Finn had won the race! With a grateful smile, he waved to the people. The racing journey had taught him courage, bringing him joy and a feeling of pride."	"2025-06-13T02:07:47.734215Z"	292.75501521902623	"With a grateful smile, he waved to the people."	"2nd Grade"	185499483	""	554.637	""	False	"uid_IGe7nmfoeKQG1oyWJEMIv6KIP5Q2_sid_OJ3hCvb3pokTxqbvhJuh_1742508917.wav"	"images/story/img-SzQsqY8n6jTTM5JtxUFiao74.png"	""	False	True	11.143822215249712	"ir, ur"	"[""With"",""a"",""with"",""he"",""waved"",""to"",""the"",""people"",""a"",""grateful"",""smile""]"	""	281.6111930037765	"2025-03-20"	"Race Car"	"R-Controlled Vowels"	"2025-06-13T02:12:23.918279Z"	"IGe7nmfoeKQG1oyWJEMIv6KIP5Q2"	250.0
"[""Unfilled Pause"",""Unfilled Pause"",""Unfilled Pause"",""Unfilled Pause"",""Unfilled Pause"",""Unfilled Pause"",""Unfilled Pause""]"	""	"1. a: /eɪ/, /æ/, /ɑ/, /ə/
3. bringing: /bɹɪŋɪŋ/
4. courage: /kɝɪd͡ʒ/, /kʌɹɪd͡ʒ/
5. feeling: /filɪŋ/
7. him: /hɪm/, /əm/
8. journey: /d͡ʒɝni/
9. joy: /d͡ʒɔɪ/
10. of: /ə/, /əv/, /ʌv/
11. pride: /pɹaɪd/
12. racing: /ɹeɪsɪŋ/
13. taught: /tɔt/
14. the: /ði/, /ðɪ/"	""	""	"Consonant Substitution"	""	"[{""end"":1.3972476860950365,""start"":0.8874554314450265,""labels"":[""Correct""],""channel"":0},{""end"":3.364991308442841,""start"":2.4774577318191104,""labels"":[""Correct""],""channel"":0},{""end"":13.298280046722235,""start"":3.4231088755549046,""labels"":[""Disfluency Error""],""channel"":0},{""end"":13.95456546115851,""start"":13.349150757231538,""labels"":[""Correct""],""channel"":0},{""end"":14.822110124024366,""start"":14.284865440378718,""labels"":[""Correct""],""channel"":0},{""end"":17.980566670529246,""start"":17.696524919357074,""labels"":[""Whispering""],""channel"":0},{""end"":17.690931810863294,""start"":14.82779095904781,""labels"":[""Disfluency Error""],""channel"":0},{""end"":18.957758021091173,""start"":18.0017546414317,""labels"":[""Disfluency Error""],""channel"":0},{""end"":19.54878507841432,""start"":18.957758021091173,""labels"":[""Phonological Error""],""channel"":0},{""end"":20.047666797731818,""start"":19.54937641138978,""labels"":[""Correct""],""channel"":0},{""end"":25.510102483092062,""start"":24.90925553403229,""labels"":[""Unintelligible""],""channel"":0},{""end"":24.580021329617235,""start"":20.068620058236892,""labels"":[""Disfluency Error""],""channel"":0},{""end"":24.87207605431146,""start"":24.612483615546406,""labels"":[""Unintelligible""],""channel"":0},{""end"":29.04281697585126,""start"":25.51275816021498,""labels"":[""Disfluency Error""],""channel"":0},{""end"":29.38473540542671,""start"":29.05211184578146,""labels"":[""Whispering""],""channel"":0},{""end"":30.60810239564384,""start"":29.612459718716767,""labels"":[""Correct""],""channel"":0},{""end"":32.364257801231325,""start"":32.00246389258168,""labels"":[""Correct""],""channel"":0},{""end"":31.964980739883746,""start"":30.630254563378962,""labels"":[""Disfluency Error""],""channel"":0},{""end"":32.78532489677558,""start"":32.36627264447908,""labels"":[""Correct""],""channel"":0},{""end"":33.31705138166895,""start"":32.79059900979075,""labels"":[""Correct""],""channel"":0},{""end"":33.83870910535155,""start"":33.357326426512095,""labels"":[""Correct""],""channel"":0},{""end"":35.584919978193454,""start"":34.878188834160234,""labels"":[""Correct""],""channel"":0},{""end"":34.87147632668638,""start"":34.2002255793007,""labels"":[""Correct""],""channel"":0},{""end"":39.59564319382292,""start"":35.58827623193038,""labels"":[""Disfluency Error""],""channel"":0},{""end"":40.228057290824154,""start"":39.617219110703175,""labels"":[""Correct""],""channel"":0}]"	"OJ3hCvb3pokTxqbvhJuh"	"The racing journey had taught him courage, bringing him joy and a feeling of pride."	100.0	63162768	"emilianapulido@ufl.edu"	75323	"https://2025storiza.michaelbennie.org/audio_clips/293.2_end_333.0_uid_IGe7nmfoeKQG1oyWJEMIv6KIP5Q2_sid_OJ3hCvb3pokTxqbvhJuh_1742508917.mp3"	"Finn the racer had a sturdy red car that purred with power. Early each morning, Finn would hurry to the track. His favorite turn on the racecourse was called the Curvy Curve. The big race day had come, and Finn was ready to join. As he started his car, it made a soft whirr. The engines of many cars trembled with excitement. Finn felt a flutter of thrill inside him. With the starting flag up, Finn surged forward. The sound of the rushing air made a humming melody. As Finn approached the Curvy Curve, he remembered to steer with care. His car turned smoothly like a bird in flight, making him smile with joy. Suddenly, a sharp bump shook Finn's car. He felt uncertainty and his heart thudded fast, but he stayed firm. He gripped the wheel, drove forward and swiftly passed other cars. The crowd cheered as Finn crossed the finish line, his spirits high and triumphant. Finn had won the race! With a grateful smile, he waved to the people. The racing journey had taught him courage, bringing him joy and a feeling of pride."	"2025-06-12T21:07:44.827694Z"	333.0434051853621	"The racing journey had taught him courage, bringing him joy and a feeling of pride."	"2nd Grade"	185499484	""	1281.302	"/θɔt/"	False	"uid_IGe7nmfoeKQG1oyWJEMIv6KIP5Q2_sid_OJ3hCvb3pokTxqbvhJuh_1742508917.wav"	"images/story/img-SzQsqY8n6jTTM5JtxUFiao74.png"	""	False	False	39.86891734290782	"ir, ur"	"[""The"",""journey"",""had"",""taught"",""taught"",""him"",""bringing"",""him"",""joy"",""and"",""a"",""feeling"",""pride""]"	""	293.17448784245425	"2025-03-20"	"Race Car"	"R-Controlled Vowels"	"2025-06-12T22:20:27.417597Z"	"IGe7nmfoeKQG1oyWJEMIv6KIP5Q2"	250.0
"[""Word Repetition"",""Word Repetition"",""Unfilled Pause"",""Parental Aid"",""Unfilled Pause""]"	"Substitution"	"1. each: /it͡ʃ/
2. early: /ɝli/
3. finn: /fɪn/
4. hurry: /hɝi/, /hʌɹi/
5. morning: /mɔɹnɪŋ/
6. the: /ði/, /ðɪ/
7. to: /toʊ/, /tu/
8. track: /tɹæk/
9. would: /wəd/, /wʊd/, /əd/"	"[{""end"":1.4111492608200455,""start"":0.2618627494305239,""channel"":0,""taxonomy"":[[""Phonological"",""Vowel Insertion""],[""Disfluency Error"",""Repair""]]}]"	""	"[{""end"":1.4111492608200455,""start"":0.2618627494305239,""channel"":0,""choices"":[""Vowel Substitution"",""Vowel Insertion""]},""Consonant Substitution""]"	""	"[{""end"":1.4111492608200455,""start"":0.2618627494305239,""labels"":[""Mixed Error""],""channel"":0},{""end"":2.836846452164009,""start"":2.1821895785876992,""labels"":[""Correct""],""channel"":0},{""end"":3.447859534168565,""start"":2.847894644539238,""labels"":[""Correct""],""channel"":0},{""end"":4.018124893218097,""start"":3.593338839407745,""labels"":[""Disfluency Error""],""channel"":0},{""end"":4.3222156280622075,""start"":4.019201268254135,""labels"":[""Disfluency Error""],""channel"":0},{""end"":4.815253726793369,""start"":4.329604920856073,""labels"":[""Correct""],""channel"":0},{""end"":7.190554909710999,""start"":4.843761413515054,""labels"":[""Disfluency Error""],""channel"":0},{""end"":7.97698596499826,""start"":7.2322983081248955,""labels"":[""Phonological Error""],""channel"":0},{""end"":8.454779797638546,""start"":7.998124764867588,""labels"":[""Grammatical Error""],""channel"":0},{""end"":9.014273456420131,""start"":8.450881365393872,""labels"":[""Disfluency Error""],""channel"":0},{""end"":10.422753683985777,""start"":9.075894466376127,""labels"":[""Disfluency Error""],""channel"":0},{""end"":10.968539772167464,""start"":10.457965689674916,""labels"":[""Correct""],""channel"":0},{""end"":11.35156939796634,""start"":10.994887814016185,""labels"":[""Run-on""],""channel"":0},{""end"":11.812035194923629,""start"":11.371123093582694,""labels"":[""Correct""],""channel"":0}]"	"OJ3hCvb3pokTxqbvhJuh"	"Early each morning, Finn would hurry to the track."	100.0	63165694	"emilianapulido@ufl.edu"	75323	"https://2025storiza.michaelbennie.org/audio_clips/39.5_end_50.3_uid_IGe7nmfoeKQG1oyWJEMIv6KIP5Q2_sid_OJ3hCvb3pokTxqbvhJuh_1742508917.mp3"	"Finn the racer had a sturdy red car that purred with power. Early each morning, Finn would hurry to the track. His favorite turn on the racecourse was called the Curvy Curve. The big race day had come, and Finn was ready to join. As he started his car, it made a soft whirr. The engines of many cars trembled with excitement. Finn felt a flutter of thrill inside him. With the starting flag up, Finn surged forward. The sound of the rushing air made a humming melody. As Finn approached the Curvy Curve, he remembered to steer with care. His car turned smoothly like a bird in flight, making him smile with joy. Suddenly, a sharp bump shook Finn's car. He felt uncertainty and his heart thudded fast, but he stayed firm. He gripped the wheel, drove forward and swiftly passed other cars. The crowd cheered as Finn crossed the finish line, his spirits high and triumphant. Finn had won the race! With a grateful smile, he waved to the people. The racing journey had taught him courage, bringing him joy and a feeling of pride."	"2025-06-13T01:44:06.496134Z"	50.31507432364468	"Early each morning, Finn would hurry to the track."	"2nd Grade"	185499485	"Parental aid segment sounds like disapproval from Mom after getting the tense wrong for a word"	415.30499999999995	"[""\/ˈɪə.rə.li\/"",""\/fɪl\/"",""\/wɪl\/""]"	False	"uid_IGe7nmfoeKQG1oyWJEMIv6KIP5Q2_sid_OJ3hCvb3pokTxqbvhJuh_1742508917.wav"	"images/story/img-SzQsqY8n6jTTM5JtxUFiao74.png"	"will"	False	False	10.77307872324112	"ir, ur"	"[""Early"",""each"",""morning"",""early"",""each"",""Finn"",""would"",""to"",""track""]"	"to the"	39.54199560040356	"2025-03-20"	"Race Car"	"R-Controlled Vowels"	"2025-06-13T01:49:31.203453Z"	"IGe7nmfoeKQG1oyWJEMIv6KIP5Q2"	250.0
"Word Repetition"	""	"2. fit: /fɪt/
3. pan: /pæn/
4. pat: /pæt/
5. the: /ði/, /ðɪ/"	""	""	"Vowel Substitution"	""	"[{""end"":2.235934765625,""start"":1.3032305491071428,""labels"":[""Correct""],""channel"":0},{""end"":6.196733493303571,""start"":5.340689897321429,""labels"":[""Disfluency Error""],""channel"":0},{""end"":8.547659189732142,""start"":7.5510711227678575,""labels"":[""Correct""],""channel"":0},{""end"":11.026352587053571,""start"":9.787005888392857,""labels"":[""Correct""],""channel"":0},{""end"":15.306570566964288,""start"":14.591071441964287,""labels"":[""Phonological Error""],""channel"":0}]"	"xVtZiYDJKDrpbrcttqPg"	"Pat and the pan fit."	100.0	63152042	"rose.m@ufl.edu"	75324	"https://2025storiza.michaelbennie.org/audio_clips/3.2_end_18.3_uid_TzE1wYChYkTUAVNeVtZjXuO8cBi2_sid_xVtZiYDJKDrpbrcttqPg_1743434705.mp3"	"Pat had a pan. Pat and the pan sat. Pat and the pan fit. Pat tapped the pan. The pan slid. Pat grinned."	"2025-06-12T15:14:50.135764Z"	18.345426558896467	"Pat and the pan fit."	"Kindergarten"	185849965	"Incorrect sentence transcription, should be ""Pat had a pen."""	278.69	"pɛn"	False	"uid_TzE1wYChYkTUAVNeVtZjXuO8cBi2_sid_xVtZiYDJKDrpbrcttqPg_1743434705.wav"	"images/story/img-gkZqOdIWcxNrzkR7H8ZDpAYz.png"	""	False	False	15.171970847056262	"CVC practice short a, short i"	"[""Pat"",""Pat"",""had"",""a"",""pan""]"	""	3.1734557118402047	"2025-03-31"	""	"Alphabet"	"2025-06-12T15:21:57.753493Z"	"TzE1wYChYkTUAVNeVtZjXuO8cBi2"	50.0
"[""Word Repetition"",""Word Repetition""]"	""	"2. pan: /pæn/
3. pat: /pæt/
4. sat: /sæt/, /ˌɛsˌeɪti/
5. the: /ði/, /ðɪ/"	""	""	"Vowel Substitution"	""	"[{""end"":2.60594040625,""start"":1.5411475520833333,""labels"":[""Phonological Error""],""channel"":0},{""end"":5.155839083333333,""start"":4.077035796875,""labels"":[""Correct""],""channel"":0},{""end"":7.131310036458333,""start"":5.814329401041666,""labels"":[""Correct""],""channel"":0},{""end"":11.670690098958332,""start"":11.292408427083332,""labels"":[""Disfluency Error""],""channel"":0},{""end"":12.00694047395833,""start"":11.670690098958332,""labels"":[""Disfluency Error""],""channel"":0},{""end"":13.029702031249998,""start"":12.00694047395833,""labels"":[""Correct""],""channel"":0},{""end"":17.218821286458333,""start"":16.097986703125,""labels"":[""Correct""],""channel"":0}]"	"xVtZiYDJKDrpbrcttqPg"	"Pat and the pan sat."	100.0	63152104	"rose.m@ufl.edu"	75324	"https://2025storiza.michaelbennie.org/audio_clips/22.4_end_39.2_uid_TzE1wYChYkTUAVNeVtZjXuO8cBi2_sid_xVtZiYDJKDrpbrcttqPg_1743434705.mp3"	"Pat had a pan. Pat and the pan sat. Pat and the pan fit. Pat tapped the pan. The pan slid. Pat grinned."	"2025-06-12T15:15:53.496312Z"	39.2403147289904	"Pat and the pan sat."	"Kindergarten"	185849966	""	313.14300000000003	"pɛt"	False	"uid_TzE1wYChYkTUAVNeVtZjXuO8cBi2_sid_xVtZiYDJKDrpbrcttqPg_1743434705.wav"	"images/story/img-gkZqOdIWcxNrzkR7H8ZDpAYz.png"	""	False	False	16.830012314478388	"CVC practice short a, short i"	"[""Pat"",""and"",""the"",""and"",""the"",""pan"",""sat""]"	""	22.41030241451201	"2025-03-31"	""	"Alphabet"	"2025-06-12T15:21:16.189879Z"	"TzE1wYChYkTUAVNeVtZjXuO8cBi2"	50.0
""	""	"2. fit: /fɪt/
3. pan: /pæn/
4. pat: /pæt/
5. the: /ði/, /ðɪ/"	""	""	""	""	"[{""end"":2.058079955357143,""start"":1.0895717410714285,""labels"":[""Correct""],""channel"":0},{""end"":4.394606022321429,""start"":3.292927928571429,""labels"":[""Correct""],""channel"":0},{""end"":5.399433294642857,""start"":4.406712375,""labels"":[""Correct""],""channel"":0},{""end"":8.55919134375,""start"":7.505938660714286,""labels"":[""Correct""],""channel"":0},{""end"":14.576048625000002,""start"":13.7286039375,""labels"":[""Correct""],""channel"":0}]"	"xVtZiYDJKDrpbrcttqPg"	"Pat and the pan fit."	100.0	63152123	"rose.m@ufl.edu"	75324	"https://2025storiza.michaelbennie.org/audio_clips/41.4_end_55.7_uid_TzE1wYChYkTUAVNeVtZjXuO8cBi2_sid_xVtZiYDJKDrpbrcttqPg_1743434705.mp3"	"Pat had a pan. Pat and the pan sat. Pat and the pan fit. Pat tapped the pan. The pan slid. Pat grinned."	"2025-06-12T15:16:14.110145Z"	55.682110145675125	"Pat and the pan fit."	"Kindergarten"	185849967	""	110.852	""	False	"uid_TzE1wYChYkTUAVNeVtZjXuO8cBi2_sid_xVtZiYDJKDrpbrcttqPg_1743434705.wav"	"images/story/img-gkZqOdIWcxNrzkR7H8ZDpAYz.png"	""	False	False	14.27092983138585	"CVC practice short a, short i"	"[""Pat"",""and"",""the"",""pan"",""fit""]"	""	41.41118031428928	"2025-03-31"	""	"Alphabet"	"2025-06-12T15:16:14.110156Z"	"TzE1wYChYkTUAVNeVtZjXuO8cBi2"	50.0
"[""Parental Aid"",""Parent Correction""]"	""	"1. pan: /pæn/
2. pat: /pæt/
3. tapped: /tæpt/
4. the: /ði/, /ðɪ/"	""	""	""	"Word Insertion"	"[{""end"":1.610425513392857,""start"":0.8767872239583334,""labels"":[""Structural Error""],""channel"":0},{""end"":2.5051063541666667,""start"":1.6283191302083333,""labels"":[""Correct""],""channel"":0},{""end"":17.14208490922619,""start"":15.996893433035714,""labels"":[""Disfluency Error""],""channel"":0},{""end"":18.09044660044643,""start"":17.15997852604167,""labels"":[""Disfluency Error""],""channel"":0},{""end"":18.913552973958335,""start"":18.072552983630953,""labels"":[""Correct""],""channel"":0},{""end"":22.957510374255953,""start"":21.543914645833333,""labels"":[""Correct""],""channel"":0}]"	"xVtZiYDJKDrpbrcttqPg"	"Pat tapped the pan."	100.0	63152147	"rose.m@ufl.edu"	75324	"https://2025storiza.michaelbennie.org/audio_clips/57.0_end_79.1_uid_TzE1wYChYkTUAVNeVtZjXuO8cBi2_sid_xVtZiYDJKDrpbrcttqPg_1743434705.mp3"	"Pat had a pan. Pat and the pan sat. Pat and the pan fit. Pat tapped the pan. The pan slid. Pat grinned."	"2025-06-12T15:16:34.309160Z"	79.07180958205363	"Pat tapped the pan."	"Kindergarten"	185849968	""	418.49	"æt"	False	"uid_TzE1wYChYkTUAVNeVtZjXuO8cBi2_sid_xVtZiYDJKDrpbrcttqPg_1743434705.wav"	"images/story/img-gkZqOdIWcxNrzkR7H8ZDpAYz.png"	"at"	False	False	22.049029786069752	"CVC practice short a, short i"	"[""Pat"",""tapped"",""tapped"",""the"",""pan""]"	""	57.02277979598388	"2025-03-31"	""	"Alphabet"	"2025-06-13T14:41:07.155246Z"	"TzE1wYChYkTUAVNeVtZjXuO8cBi2"	50.0
""	""	"1. pan: /pæn/
2. slid: /slɪd/
3. the: /ði/, /ðɪ/"	"[{""end"":18.11331904092262,""start"":14.80679152232143,""channel"":0,""taxonomy"":[[""Phonological"",""Consonant Insertion""],[""Disfluency Error"",""Broken Word""]]}]"	""	"Consonant Insertion"	""	"[{""end"":2.3387633668154764,""start"":1.048411164434524,""labels"":[""Correct""],""channel"":0},{""end"":6.113043558779762,""start"":4.871079563988095,""labels"":[""Correct""],""channel"":0},{""end"":13.903544980654763,""start"":12.43576935044643,""labels"":[""Whispering""],""channel"":0},{""end"":18.11331904092262,""start"":14.80679152232143,""labels"":[""Mixed Error""],""channel"":0},{""end"":18.952047972470236,""start"":18.21009545610119,""labels"":[""Correct""],""channel"":0}]"	"xVtZiYDJKDrpbrcttqPg"	"The pan slid."	100.0	63152283	"rose.m@ufl.edu"	75324	"https://2025storiza.michaelbennie.org/audio_clips/79.4_end_99.1_uid_TzE1wYChYkTUAVNeVtZjXuO8cBi2_sid_xVtZiYDJKDrpbrcttqPg_1743434705.mp3"	"Pat had a pan. Pat and the pan sat. Pat and the pan fit. Pat tapped the pan. The pan slid. Pat grinned."	"2025-06-12T15:18:54.916345Z"	99.07659514926412	"The pan slid."	"Kindergarten"	185849969	""	406.41200000000003	"slɪb.əd"	False	"uid_TzE1wYChYkTUAVNeVtZjXuO8cBi2_sid_xVtZiYDJKDrpbrcttqPg_1743434705.wav"	"images/story/img-gkZqOdIWcxNrzkR7H8ZDpAYz.png"	"slibd"	False	False	19.67792809048234	"CVC practice short a, short i"	"[""The"",""pan"",""slid"",""slid"",""slid""]"	""	79.39866705878178	"2025-03-31"	""	"Alphabet"	"2025-06-12T15:18:54.916357Z"	"TzE1wYChYkTUAVNeVtZjXuO8cBi2"	50.0
"[""Parental Aid"",""Parent Correction""]"	""	"1. grinned: /ɡɹɪnd/
2. pat: /pæt/"	"[{""end"":5.785856455357143,""start"":4.159935657738095,""channel"":0,""taxonomy"":[[""Whispering""],[""Disfluency Error"",""Stutter""]]}]"	""	""	""	"[{""end"":2.386990107142857,""start"":1.1070099047619046,""labels"":[""Correct""],""channel"":0},{""end"":5.785856455357143,""start"":4.159935657738095,""labels"":[""Mixed Error""],""channel"":0},{""end"":10.663618848214286,""start"":9.634445577380953,""labels"":[""Disfluency Error""],""channel"":0},{""end"":11.398742613095237,""start"":10.654970333333333,""labels"":[""Disfluency Error""],""channel"":0}]"	"xVtZiYDJKDrpbrcttqPg"	"Pat grinned."	100.0	63152308	"rose.m@ufl.edu"	75324	"https://2025storiza.michaelbennie.org/audio_clips/99.5_end_110.2_uid_TzE1wYChYkTUAVNeVtZjXuO8cBi2_sid_xVtZiYDJKDrpbrcttqPg_1743434705.mp3"	"Pat had a pan. Pat and the pan sat. Pat and the pan fit. Pat tapped the pan. The pan slid. Pat grinned."	"2025-06-12T15:19:22.485592Z"	110.16	"Pat grinned."	"Kindergarten"	185849970	""	236.707	"gəgəgə"	False	"uid_TzE1wYChYkTUAVNeVtZjXuO8cBi2_sid_xVtZiYDJKDrpbrcttqPg_1743434705.wav"	"images/story/img-gkZqOdIWcxNrzkR7H8ZDpAYz.png"	"[""guhguhguh"",""grinned""]"	False	False	10.623588400423358	"CVC practice short a, short i"	"[""Pat"",""grinned"",""grinned"",""grinned""]"	""	99.53641159957664	"2025-03-31"	""	"Alphabet"	"2025-06-13T14:42:47.667969Z"	"TzE1wYChYkTUAVNeVtZjXuO8cBi2"	50.0
