audio_id	uid	earliest_start	latest_end	story_length	n_utterances
1741133671	ejZWulX03uRlAA3C5VqYK6jKNYs1	3.4172415938988685	82.49940954520204	79.08216795130318	17
1741133876	RMEYcjWuQJRINI73hdlEKDjPREw2	1.225149310679375	176.28453373840443	175.05938442772506	7
1741134023	ejZWulX03uRlAA3C5VqYK6jKNYs1	0.6161491472202766	141.09211194993028	140.47596280271	20
1741134211	RMEYcjWuQJRINI73hdlEKDjPREw2	0.5793852520033571	7.610195999942674	7.0308107479393165	1
1741134602	ejZWulX03uRlAA3C5VqYK6jKNYs1	1.5548680240639468	195.62487492624084	194.07000690217689	14
1741134609	WU2CHNrkg8hTa41RUFdbv0AtTC42	2.249154726911891	80.28681376320054	78.03765903628864	9
1741135137	ejZWulX03uRlAA3C5VqYK6jKNYs1	1.0076865619013196	110.28097781444	109.27329125253868	15
1741135231	WU2CHNrkg8hTa41RUFdbv0AtTC42	0.923805644417216	66.5127396895515	65.58893404513428	5
1741135526	WU2CHNrkg8hTa41RUFdbv0AtTC42	2.1203686931298744	72.25084896860545	70.13048027547558	5
1741139454	TQTGm3pFYchsl1S1E0j0Pz15qno1	1.2418628912071532	129.01906505495378	127.77720216374664	5
1741140288	xxUUDYlSFESUIRvPTLDLReqO44G3	2.7625038214339774	84.08187255966985	81.31936873823587	9
1741140338	u2hytH2KWIS6ewdShfEZisygqIo2	2.258439327910602	74.14142527528695	71.88298594737634	9
1741140582	u2hytH2KWIS6ewdShfEZisygqIo2	1.6358852867830425	100.35574747210964	98.7198621853266	8
1741140616	xxUUDYlSFESUIRvPTLDLReqO44G3	3.1198332128241644	67.63666659277422	64.51683337995006	10
1741140843	u2hytH2KWIS6ewdShfEZisygqIo2	0.5043132671077377	77.41084754330718	76.90653427619945	8
1741143254	vyxZfTTt3KcuCEMvCj18qbdqgti1	10.331136777584756	33.780518012578874	23.449381234994117	3
1741174257	mHWscHBXcoabM7fdw88AliGuPWw1	1.757961871304493	110.24818559901132	108.49022372770683	9
1741174732	mHWscHBXcoabM7fdw88AliGuPWw1	1.522048837952665	40.83693522838859	39.31488639043592	3
1741190708	sHl4il5Li8NKe5aMecUSJyXBFco2	0.2990465044654266	96.4918679558649	96.19282145139948	18
1741207795	H7rAk5StNLc0VysmHcZQZTQFpBx2	2.0314577678136225	136.15451910959283	134.1230613417792	25
1741208178	u2hytH2KWIS6ewdShfEZisygqIo2	17.805295166472316	108.99248675108537	91.18719158461305	7
1741208782	21Dw9jLeIqWjrAuRHI1RG1qPz853	1.6349223895727882	55.8263209839902	54.191398594417414	7
1741209055	21Dw9jLeIqWjrAuRHI1RG1qPz853	0.9105430936805116	60.409463545694585	59.498920452014076	8
1741212613	ejZWulX03uRlAA3C5VqYK6jKNYs1	0.0679005953817395	131.1589110759666	131.09101048058488	24
1741214318	EfKQNmht2ebtDnNadrezErlhcDF3	2.1876786972947606	49.06043243916016	46.872753741865395	8
1741214942	mHWscHBXcoabM7fdw88AliGuPWw1	1.2387277800257694	77.21043183248533	75.97170405245956	8
1741215060	EfKQNmht2ebtDnNadrezErlhcDF3	0.8603049267908617	53.50824593469173	52.64794100790087	7
1741215227	b7tT96cSBaaiNnMJ2KcuOQPRkO83	1.4604711983208751	81.13580758222578	79.6753363839049	10
1741215243	mHWscHBXcoabM7fdw88AliGuPWw1	1.6228223923177698	115.3221506648417	113.69932827252393	9
1741215438	EfKQNmht2ebtDnNadrezErlhcDF3	1.2532978334895255	60.92058922044544	59.66729138695592	9
1741215543	mHWscHBXcoabM7fdw88AliGuPWw1	2.8930486029009437	59.99501812862606	57.10196952572511	8
1741215857	mHWscHBXcoabM7fdw88AliGuPWw1	0.8066943999999999	79.68721077844197	78.88051637844197	9
1741216155	mHWscHBXcoabM7fdw88AliGuPWw1	6.485900551797764	120.75335237659112	114.26745182479335	12
1741217243	WXRuAJyMuAViHCpYPRVffOrexB03	0.9983665237422772	101.99139193640258	100.9930254126603	8
1741218043	THJAu4lbjHRa32ysgvSU3Etlb0d2	0.0090855693924538	172.61512345022174	172.6060378808293	6
1741219404	Om0JhZ6RmTNQ5wDLPHKIC3LtY4g2	5.946705531917083	59.98563556269692	54.03893003077984	7
1741219844	Om0JhZ6RmTNQ5wDLPHKIC3LtY4g2	2.9895815907704355	73.0900069005304	70.10042530975996	11
1741223656	Sn3Nw7A3OmOkiMXEFjEyRusLuuo2	2.207844563749991	193.9018196148881	191.6939750511381	11
1741228586	HGLxgWVfJZWhAsqMf761d40h3eQ2	2.386657999718306	308.39211263508304	306.00545463536474	6
1741229297	uJ59YClhDZUuJsN0vsDR1GRv6pu1	1.0692568937553797	75.34639982203177	74.27714292827639	10
1741229499	uJ59YClhDZUuJsN0vsDR1GRv6pu1	2.1533765439045114	55.79572980067026	53.642353256765745	10
1741229832	uJ59YClhDZUuJsN0vsDR1GRv6pu1	1.3918507258017734	70.48215859274106	69.09030786693928	12
1741230422	uJ59YClhDZUuJsN0vsDR1GRv6pu1	0.8536281125730993	73.49081454172789	72.63718642915478	9
1741231226	XmxSYUZAj4dRqSczt2clQkDf31M2	0.0	127.00841932483894	127.00841932483894	8
1741231701	XmxSYUZAj4dRqSczt2clQkDf31M2	1.4374676746174109	41.6540969455263	40.21662927090889	3
1741232119	XmxSYUZAj4dRqSczt2clQkDf31M2	0.0239560590672878	153.4718891160916	153.44793305702433	8
1741271551	HGLxgWVfJZWhAsqMf761d40h3eQ2	0.7329092629650462	205.4391077821126	204.70619851914753	5
1741298001	ejZWulX03uRlAA3C5VqYK6jKNYs1	0.6863521942974241	78.19779091448429	77.51143872018686	9
1741298204	ejZWulX03uRlAA3C5VqYK6jKNYs1	1.5725555461232168	85.23574479604646	83.66318924992325	12
1741299346	b7tT96cSBaaiNnMJ2KcuOQPRkO83	1.539350638760843	71.78660484032477	70.24725420156393	9
1741311801	u2hytH2KWIS6ewdShfEZisygqIo2	2.2532797308680834	163.6414652129513	161.3881854820832	13
1741312064	u2hytH2KWIS6ewdShfEZisygqIo2	0.9793470382593272	93.03208959877117	92.05274256051183	8
1741315638	HGLxgWVfJZWhAsqMf761d40h3eQ2	0.4617484584040747	172.9251182747685	172.4633698163644	7
1741315925	ukKF4sCANzgmD16fyjMyO7VwR2A2	2.3831494695462627	223.54750913419457	221.16435966464832	27
1741316108	XmxSYUZAj4dRqSczt2clQkDf31M2	0.0124861696918446	132.57056238307723	132.5580762133854	10
1741390669	22lbfrTq0OP1g1mwv7RZwXUl6eW2	1.2948359687238211	57.8793898711373	56.584553902413475	10
1741392791	Om0JhZ6RmTNQ5wDLPHKIC3LtY4g2	1.4939306874220006	103.82677250494211	102.33284181752012	8
1741393040	Om0JhZ6RmTNQ5wDLPHKIC3LtY4g2	3.860575782434963	66.7642746613439	62.90369887890894	6
1741403164	CjlD9aGvoSfMhsnUwRIQlMr4IFp1	1.735121572066605	31.645757404765614	29.91063583269901	7
1741461241	UHGZEyBQklbC0GB3JZMa5l8yuGT2	1.4016344991557197	82.45432195896005	81.05268745980433	8
1741461587	UHGZEyBQklbC0GB3JZMa5l8yuGT2	1.0991306598203834	72.39776558769006	71.29863492786967	6
1741461927	UHGZEyBQklbC0GB3JZMa5l8yuGT2	0.5142856657745092	89.34358869861555	88.82930303284104	5
1741483206	u2hytH2KWIS6ewdShfEZisygqIo2	0.720483169779287	90.77774261063637	90.05725944085708	8
1741483667	u2hytH2KWIS6ewdShfEZisygqIo2	3.421987131088786	276.87677231231163	273.45478518122286	17
1741483914	u2hytH2KWIS6ewdShfEZisygqIo2	0.2028554287809146	56.13820301009575	55.935347581314836	8
1741560506	Om0JhZ6RmTNQ5wDLPHKIC3LtY4g2	2.363694322993023	88.18794268649121	85.82424836349819	9
1741561799	1w0NU0CL8KMbltxDo7mrkTKhgpD2	0.005582428576873	153.46001798331295	153.45443555473608	20
1741562634	b7tT96cSBaaiNnMJ2KcuOQPRkO83	1.8418263167820583	94.35649764658922	92.51467132980716	11
1741563277	b7tT96cSBaaiNnMJ2KcuOQPRkO83	1.5534312150602645	88.63001789369058	87.07658667863032	8
1741610314	qgT735VZ7OPJmWzvIgZGZAchHgD2	3.1569084592119516	142.7392662517826	139.58235779257063	8
1741610461	qgT735VZ7OPJmWzvIgZGZAchHgD2	1.200079149267727	55.52765300758606	54.32757385831833	3
1741610746	qgT735VZ7OPJmWzvIgZGZAchHgD2	0.6600842520374455	177.0367893582383	176.37670510620086	8
1741638816	zIPazMYB9WUmRZJJLlrBka2GK663	1.1027982024861869	128.11425381669451	127.01145561420833	14
1741643049	ECPqsmdUcMhqkJwXAfhhs3XTgoa2	0.8916658699761794	33.37418832136422	32.48252245138804	11
1741643714	ECPqsmdUcMhqkJwXAfhhs3XTgoa2	1.8496729844113968	95.03995826761196	93.19028528320057	11
1741647344	mHWscHBXcoabM7fdw88AliGuPWw1	1.247015577114909	79.62539385106686	78.37837827395195	9
1741648000	mHWscHBXcoabM7fdw88AliGuPWw1	0.615751861673941	48.15592929462448	47.540177432950536	6
1741648357	mHWscHBXcoabM7fdw88AliGuPWw1	1.3602820822121	62.125165515064666	60.764883432852564	9
1741650006	OtcDpDEzSOUb5LMT2xljtrgVWe22	0.417647105822098	312.8959961080592	312.4783490022371	7
1741661150	CjlD9aGvoSfMhsnUwRIQlMr4IFp1	1.3764527085206673	18.974689529087662	17.598236820566996	6
1741661393	CjlD9aGvoSfMhsnUwRIQlMr4IFp1	3.5764635743606665	83.96251909839927	80.3860555240386	5
1741731756	aKXkeU8QguUwr1lDK1mxXri9hqN2	1.6092274239030997	52.28804528503144	50.67881786112834	7
1741732311	aKXkeU8QguUwr1lDK1mxXri9hqN2	1.2329334577082192	39.02171479685143	37.788781339143206	5
1741732628	aKXkeU8QguUwr1lDK1mxXri9hqN2	0.6823134523792123	64.59566413308997	63.91335068071076	7
1741736883	Sn3Nw7A3OmOkiMXEFjEyRusLuuo2	2.40563256069656	182.2937664530712	179.88813389237464	7
1741737067	Om0JhZ6RmTNQ5wDLPHKIC3LtY4g2	1.6872471467824417	96.27333149960748	94.58608435282504	9
1741737208	FojhPyqH69TyqkGfzc6ZwW0tn2C2	1.2893723366877237	80.58940186637649	79.30002952968877	10
1741737570	Sn3Nw7A3OmOkiMXEFjEyRusLuuo2	0.1913563036876355	102.63972979483438	102.44837349114674	6
1741737807	EfKQNmht2ebtDnNadrezErlhcDF3	0.8361033699714538	48.64658226012818	47.81047889015672	10
1741822392	xxUUDYlSFESUIRvPTLDLReqO44G3	0.5487116424032209	119.54781360882616	118.99910196642294	11
1741822595	xxUUDYlSFESUIRvPTLDLReqO44G3	0.6602474129821261	110.48854166313843	109.8282942501563	20
1741823054	Sn3Nw7A3OmOkiMXEFjEyRusLuuo2	2.1873066465599957	212.57366972809615	210.38636308153616	7
1741823579	Sn3Nw7A3OmOkiMXEFjEyRusLuuo2	0.5846398927606787	66.98600988783797	66.40136999507729	5
1741905388	bKduvdIsrbbqPZ7Z3lCfQlF8WBn1	0.5076253472831534	86.82953582144832	86.32191047416516	12
1741910757	IxbpyVeneRWBOVT8zPZO9dPynyX2	2.8085390117492244	129.5637478444902	126.75520883274098	14
1741917511	uJ59YClhDZUuJsN0vsDR1GRv6pu1	0.9161728139130436	53.589228998134026	52.67305618422098	8
1741968394	d4lLmJzVbJaLpyCuafResXOry3t2	0.8129404698959675	38.28250190947879	37.46956143958282	5
1741968579	d4lLmJzVbJaLpyCuafResXOry3t2	0.8221808898744236	52.97301210845639	52.15083121858196	6
1741968872	d4lLmJzVbJaLpyCuafResXOry3t2	0.1139459401404945	117.22715081683528	117.11320487669478	10
1741993316	mHWscHBXcoabM7fdw88AliGuPWw1	2.111114263133718	102.44413426652856	100.33302000339485	12
1741993555	mHWscHBXcoabM7fdw88AliGuPWw1	0.6447147540983607	101.10165496262924	100.45694020853088	12
1742008451	CjlD9aGvoSfMhsnUwRIQlMr4IFp1	3.449153195805965	56.74388322887448	53.29473003306852	5
1742046137	jWPmLFrSHDZItPTjjPUB8KAsjlq2	0.2944554308471482	54.87243048323036	54.57797505238321	12
1742046441	jWPmLFrSHDZItPTjjPUB8KAsjlq2	1.4602196366240583	79.85078494965143	78.39056531302737	13
1742046826	jWPmLFrSHDZItPTjjPUB8KAsjlq2	1.1890918794449274	89.58058085970352	88.39148898025859	16
1742062228	Gt0cspsUtRSvEXXHZKUWlVAfyVq2	1.6146949786639897	55.04173261016797	53.42703763150398	9
1742062680	Gt0cspsUtRSvEXXHZKUWlVAfyVq2	0.0037355958889116	68.24863541758515	68.24489982169624	10
1742064389	sHl4il5Li8NKe5aMecUSJyXBFco2	9.493675679211549	86.60796958727326	77.11429390806171	15
1742072366	CanxAhhjiePs6niCtdVzPqVIzXt1	0.5286010922693266	78.37917177208324	77.85057067981391	10
1742072744	CanxAhhjiePs6niCtdVzPqVIzXt1	1.1608885641398374	68.05663755139477	66.89574898725493	10
1742137192	M3RVTGHWrAMCChSiCDrpejluqjQ2	7.292767496333545	125.80847571280825	118.5157082164747	29
1742164812	ukKF4sCANzgmD16fyjMyO7VwR2A2	0.2656951219512195	121.73130246816244	121.46560734621121	17
1742166957	Om0JhZ6RmTNQ5wDLPHKIC3LtY4g2	0.9744206206646034	51.970018700572254	50.99559807990765	8
1742167368	Om0JhZ6RmTNQ5wDLPHKIC3LtY4g2	1.1346149313817877	77.15605369390984	76.02143876252805	11
1742180382	CjlD9aGvoSfMhsnUwRIQlMr4IFp1	2.204792176158581	70.34920290932601	68.14441073316743	12
1742180701	CjlD9aGvoSfMhsnUwRIQlMr4IFp1	2.033413676813597	72.41624011836258	70.38282644154899	7
1742239940	mHWscHBXcoabM7fdw88AliGuPWw1	2.724741652366244	88.03000741344451	85.30526576107826	12
1742240559	mHWscHBXcoabM7fdw88AliGuPWw1	1.609587731546802	108.49000538312536	106.88041765157857	10
1742240966	d4lLmJzVbJaLpyCuafResXOry3t2	0.2411257536988183	83.51017938514563	83.26905363144681	6
1742241727	jWPmLFrSHDZItPTjjPUB8KAsjlq2	1.686787055262883	83.89388122716123	82.20709417189835	11
1742244670	Om0JhZ6RmTNQ5wDLPHKIC3LtY4g2	0.490694821412282	74.89000838449947	74.39931356308719	11
1742248690	l10DBTU0vaSPzKuDElOBDPPpe2H3	2.321608944018476	56.63416211926124	54.31255317524276	13
1742248902	EfKQNmht2ebtDnNadrezErlhcDF3	1.1009157524701474	49.942612930144186	48.841697177674035	10
1742249143	l10DBTU0vaSPzKuDElOBDPPpe2H3	0.9544367906855415	111.77479304462555	110.82035625394	16
1742253312	eQ9VyOzVOCQWR7uTGBGzvfh3rUJ2	2.5498196905436803	30.401271615078866	27.851451924535183	4
1742330731	IxbpyVeneRWBOVT8zPZO9dPynyX2	2.8793287046420164	63.82610934824883	60.946780643606814	13
1742332995	4w6SC0KmlKV4YmJTalgWiZalQHi2	0.0	94.37405931892462	94.37405931892462	12
1742333249	MxRr8Ht6WZT2EokHSRsT2U2Pq3h1	4.008306530167934	70.69832820393513	66.6900216737672	5
1742333475	MxRr8Ht6WZT2EokHSRsT2U2Pq3h1	0.2299802744623127	66.15710192190684	65.92712164744454	6
1742333796	MxRr8Ht6WZT2EokHSRsT2U2Pq3h1	0.278167557698475	76.78750705138019	76.50933949368171	6
1742336384	4w6SC0KmlKV4YmJTalgWiZalQHi2	0.0	105.23972544310308	105.23972544310308	9
1742342125	8AhIEcEU81Sn83Fyb0gnFvpiNij2	2.4046715092550617	132.4943161108996	130.08964460164455	7
1742342703	8AhIEcEU81Sn83Fyb0gnFvpiNij2	1.6377326800234158	183.7876041197249	182.14987143970149	7
1742344504	FecxEEwWTpW5fnBaHIGu821YiLh2	0.7871276592302767	328.0740769801065	327.2869493208762	7
1742347682	u2hytH2KWIS6ewdShfEZisygqIo2	1.977560882022677	68.5968707320848	66.61930985006212	9
1742347977	u2hytH2KWIS6ewdShfEZisygqIo2	1.4985456742087004	81.34650497054557	79.84795929633687	13
1742389444	ovpeape9PZbAq7VLrirwGOYrvsh1	1.266536214044229	44.36101847717465	43.09448226313042	10
1742389582	ovpeape9PZbAq7VLrirwGOYrvsh1	0.7969212449814832	33.997409476213235	33.20048823123175	9
1742389868	ovpeape9PZbAq7VLrirwGOYrvsh1	0.8065303548387096	33.82200754269765	33.01547718785894	9
1742390017	ovpeape9PZbAq7VLrirwGOYrvsh1	1.4071964883863135	34.85048217313519	33.44328568474888	10
1742390146	ovpeape9PZbAq7VLrirwGOYrvsh1	0.693381104697249	33.24600399936262	32.55262289466537	7
1742390340	UHGZEyBQklbC0GB3JZMa5l8yuGT2	0.5758988970190728	108.74780716877147	108.1719082717524	5
1742390551	UHGZEyBQklbC0GB3JZMa5l8yuGT2	1.8486895185723675	76.0521394486993	74.20344993012692	6
1742415864	qgT735VZ7OPJmWzvIgZGZAchHgD2	1.3656297170000875	112.89822939735436	111.53259968035427	14
1742416351	qgT735VZ7OPJmWzvIgZGZAchHgD2	1.8717752219527408	136.80649706571694	134.9347218437642	17
1742421508	4w6SC0KmlKV4YmJTalgWiZalQHi2	1.7016495550358146	87.15974589455487	85.45809633951906	8
1742423396	b7tT96cSBaaiNnMJ2KcuOQPRkO83	1.3056880508588715	79.71659024700034	78.41090219614146	11
1742425632	THJAu4lbjHRa32ysgvSU3Etlb0d2	0.7896295706245103	217.11778522812455	216.32815565750005	5
1742427758	HGLxgWVfJZWhAsqMf761d40h3eQ2	1.1407463765814896	275.8476002898419	274.70685391326043	8
1742427844	gUfM3yODstSdwltidtEzSlIo0q93	4.520452233344111	180.82109997492248	176.30064774157836	8
1742428112	M3RVTGHWrAMCChSiCDrpejluqjQ2	0.2858750794886859	115.35490629881384	115.06903121932515	14
1742428323	M3RVTGHWrAMCChSiCDrpejluqjQ2	0.2803885238611713	71.67840690796582	71.39801838410465	10
1742430691	ukKF4sCANzgmD16fyjMyO7VwR2A2	2.2660178540533114	107.1841320862302	104.91811423217689	16
1742470924	TuMLdL1f2yNIrFrzMedBpwdsxCA3	0.697423921149267	181.63790060758495	180.9404766864357	4
1742502803	d4lLmJzVbJaLpyCuafResXOry3t2	0.3648301707800477	122.56726054263736	122.2024303718573	9
1742503280	22lbfrTq0OP1g1mwv7RZwXUl6eW2	0.2464169671385856	59.04225940182628	58.79584243468769	14
1742503411	ihIoefKsGwTDai7fGs9x3DyNvju2	2.213237415515127	105.33741804454486	103.12418062902974	8
1742503726	1w0NU0CL8KMbltxDo7mrkTKhgpD2	0.2539521383638459	165.11651381356256	164.86256167519872	20
1742503828	ihIoefKsGwTDai7fGs9x3DyNvju2	1.4685882901347274	116.36256909167489	114.89398080154015	9
1742504093	ihIoefKsGwTDai7fGs9x3DyNvju2	1.356138841892354	101.29700903369744	99.94087019180508	9
1742504172	1w0NU0CL8KMbltxDo7mrkTKhgpD2	0.1200072246563192	257.81260556204234	257.692598337386	18
1742504373	ihIoefKsGwTDai7fGs9x3DyNvju2	1.5852588651771955	90.34534641010065	88.76008754492345	10
1742504648	ihIoefKsGwTDai7fGs9x3DyNvju2	0.2995736182024749	10.198283967954216	9.898710349751742	1
1742507735	ECPqsmdUcMhqkJwXAfhhs3XTgoa2	1.139493446204928	48.180020582794505	47.040527136589574	9
1742508027	ECPqsmdUcMhqkJwXAfhhs3XTgoa2	0.8965076882738529	54.45560092256024	53.55909323428639	8
1742508494	ECPqsmdUcMhqkJwXAfhhs3XTgoa2	0.8034834821320208	41.48400077604023	40.68051729390821	7
1742508861	4w6SC0KmlKV4YmJTalgWiZalQHi2	1.5183390006664166	175.64311365353652	174.1247746528701	14
1742508917	IGe7nmfoeKQG1oyWJEMIv6KIP5Q2	1.301165514890387	332.47098051170036	331.16981499681	18
1742509400	4w6SC0KmlKV4YmJTalgWiZalQHi2	2.0419474120992955	241.86024827056903	239.81830085846974	15
1742510004	4w6SC0KmlKV4YmJTalgWiZalQHi2	1.918418460306598	177.07389785921137	175.15547939890476	9
1742511762	4w6SC0KmlKV4YmJTalgWiZalQHi2	2.2607690314140587	261.89314997900425	259.6323809475902	11
1742515199	8AhIEcEU81Sn83Fyb0gnFvpiNij2	1.649886805471955	321.27049901997896	319.620612214507	6
1742516188	eyem3EvRZrZsMzdS2HOEHLIsGTs1	3.0683618636125276	70.21000269571566	67.14164083210314	10
1742517403	bKduvdIsrbbqPZ7Z3lCfQlF8WBn1	0.4154623062316364	41.68528128227063	41.26981897603899	6
1742517700	bKduvdIsrbbqPZ7Z3lCfQlF8WBn1	0.9115816774193548	85.35488782918551	84.44330615176617	10
1742517940	bKduvdIsrbbqPZ7Z3lCfQlF8WBn1	2.14354634824078	100.9576544367952	98.81410808855442	16
1742518512	ILoW3cdKuQPYK9GCBc6aoCHzooz2	4.752852649447776	46.2800800943203	41.52722744487252	9
1742518688	ILoW3cdKuQPYK9GCBc6aoCHzooz2	3.5099484156226968	27.99160609957046	24.481657683947766	8
1742518784	ILoW3cdKuQPYK9GCBc6aoCHzooz2	0.6598805100828232	33.11468684440177	32.454806334318945	10
1742518884	ILoW3cdKuQPYK9GCBc6aoCHzooz2	2.229059563815299	55.4618463658393	53.232786802024	8
1742586561	d4lLmJzVbJaLpyCuafResXOry3t2	0.0740460665114273	82.09001202209944	82.01596595558802	7
1742588414	jWPmLFrSHDZItPTjjPUB8KAsjlq2	1.4282480481428013	39.63851431231111	38.21026626416831	8
1742588986	jWPmLFrSHDZItPTjjPUB8KAsjlq2	1.3564168260366372	38.20392676612086	36.84750994008422	6
1742589195	jWPmLFrSHDZItPTjjPUB8KAsjlq2	0.5995611980582524	27.369410482567545	26.76984928450929	6
1742589296	jWPmLFrSHDZItPTjjPUB8KAsjlq2	1.5764761711494144	36.139102962755985	34.56262679160657	6
1742606790	Gt0cspsUtRSvEXXHZKUWlVAfyVq2	2.117439797568334	74.11001001282438	71.99257021525604	8
1742606923	Gt0cspsUtRSvEXXHZKUWlVAfyVq2	0.0	56.32091216508915	56.32091216508915	10
1742607115	Gt0cspsUtRSvEXXHZKUWlVAfyVq2	0.169139533127733	68.94366283043935	68.77452329731162	10
1742611439	ZegJLYO9QiacSJTQWx7CWauRcQr1	3.142580352965834	60.364436954926106	57.22185660196027	7
1742611583	ZegJLYO9QiacSJTQWx7CWauRcQr1	1.0654978481967756	57.34234612109688	56.276848272900104	9
1742611715	ZegJLYO9QiacSJTQWx7CWauRcQr1	0.6272901606172261	57.591960712410426	56.9646705517932	11
1742611818	ZegJLYO9QiacSJTQWx7CWauRcQr1	0.6714002223300971	53.03222420520473	52.36082398287463	9
1742612005	ZegJLYO9QiacSJTQWx7CWauRcQr1	0.8332941176470587	49.700456400793634	48.86716228314658	9
1742653424	l10DBTU0vaSPzKuDElOBDPPpe2H3	2.7910943269666095	163.96311596152427	161.17202163455767	22
1742679705	flpss45kNMRJ1OyjEiJaPFx5rCo2	1.9073059240317365	57.324975836512664	55.417669912480925	8
1742679972	flpss45kNMRJ1OyjEiJaPFx5rCo2	2.4214449262831845	56.56146696527583	54.14002203899264	9
1742740162	sHl4il5Li8NKe5aMecUSJyXBFco2	0.0	88.88006354877022	88.88006354877022	13
1742751642	xxUUDYlSFESUIRvPTLDLReqO44G3	0.9404176626991754	54.423637530252535	53.48321986755336	9
1742757294	lEq1lXM2xafR8w5blWO2OCG8VE93	3.089932139129821	88.03316585787644	84.94323371874663	9
1742758157	lEq1lXM2xafR8w5blWO2OCG8VE93	2.577180411892483	75.00250328903171	72.42532287713922	9
1742765846	CanxAhhjiePs6niCtdVzPqVIzXt1	0.8504647067600017	68.3835121890488	67.5330474822888	13
1742766112	CanxAhhjiePs6niCtdVzPqVIzXt1	0.1244004433717135	74.56574489499612	74.4413444516244	9
1742766370	CanxAhhjiePs6niCtdVzPqVIzXt1	0.074247543617237	86.9902379741617	86.91599043054447	10
1742768464	jWPmLFrSHDZItPTjjPUB8KAsjlq2	0.7697781201481765	56.14430409973686	55.37452597958868	8
1742770181	gUfM3yODstSdwltidtEzSlIo0q93	1.805572987306553	174.14001992340803	172.33444693610147	3
1742773567	ihIoefKsGwTDai7fGs9x3DyNvju2	1.8995555660719636	41.2451529430222	39.34559737695024	10
1742773937	ihIoefKsGwTDai7fGs9x3DyNvju2	1.1233370816265826	29.070907592438825	27.94757051081224	6
1742774655	WXRuAJyMuAViHCpYPRVffOrexB03	1.29861647203684	128.28260403024257	126.98398755820573	8
1742782139	XmxSYUZAj4dRqSczt2clQkDf31M2	0.5005770009535003	111.4584653795264	110.9578883785729	9
1742782385	XmxSYUZAj4dRqSczt2clQkDf31M2	0.8752719398917121	18.874103542692517	17.998831602800806	1
1742782716	XmxSYUZAj4dRqSczt2clQkDf31M2	0.000130895183304	136.0634729338613	136.063342038678	10
1742844687	d4lLmJzVbJaLpyCuafResXOry3t2	1.132863332209862	58.70858881398546	57.57572548177559	4
1742869038	XmxSYUZAj4dRqSczt2clQkDf31M2	0.8915795575001606	18.633792016015963	17.7422124585158	2
1742869165	XmxSYUZAj4dRqSczt2clQkDf31M2	0.3363673192833983	40.610311021483525	40.27394370220013	2
1742869603	XmxSYUZAj4dRqSczt2clQkDf31M2	0.1623923743507518	150.9057828572179	150.74339048286714	8
1742872549	uJ59YClhDZUuJsN0vsDR1GRv6pu1	0.6187132960388668	100.15035789503696	99.5316445989981	9
1742904863	FUCVnaPJeyV5kzao6jmObtdzLUE2	0.7100728091094837	93.0688286304871	92.35875582137763	10
1742905123	FUCVnaPJeyV5kzao6jmObtdzLUE2	1.5682205897300336	55.133420558139534	53.5651999684095	6
1742905562	FUCVnaPJeyV5kzao6jmObtdzLUE2	1.4760222233695477	148.39338035494882	146.91735813157928	12
1742905877	FUCVnaPJeyV5kzao6jmObtdzLUE2	3.2597064459202327	102.01103905379472	98.75133260787449	9
1742907257	H7rAk5StNLc0VysmHcZQZTQFpBx2	1.1274926989696985	39.50862524054181	38.381132541572114	10
1742933350	mHWscHBXcoabM7fdw88AliGuPWw1	0.4412438177339902	84.65320508369808	84.21196126596409	9
1742933737	mHWscHBXcoabM7fdw88AliGuPWw1	3.760867223372247	64.07857191332356	60.31770468995131	9
1742934079	mHWscHBXcoabM7fdw88AliGuPWw1	2.997382202141124	82.15943273626351	79.16205053412239	8
1742934325	mHWscHBXcoabM7fdw88AliGuPWw1	4.223739783504988	76.3671704455534	72.14343066204842	7
1742944450	ihIoefKsGwTDai7fGs9x3DyNvju2	2.00255737182841	75.69207247385437	73.68951510202595	10
1742944769	ihIoefKsGwTDai7fGs9x3DyNvju2	0.8071272796719653	84.11725669206848	83.31012941239652	9
1742945079	ihIoefKsGwTDai7fGs9x3DyNvju2	0.6310064896030246	92.6500158312954	92.01900934169238	8
1742945295	WXRuAJyMuAViHCpYPRVffOrexB03	2.0276334094781845	159.24559871917293	157.21796530969476	6
1742946057	Om0JhZ6RmTNQ5wDLPHKIC3LtY4g2	0.6344233417406013	35.97561632092475	35.34119297918415	6
1742947635	8AhIEcEU81Sn83Fyb0gnFvpiNij2	3.171044336703463	144.36948619621276	141.1984418595093	8
1742992355	R1EwS77TeuNWizrTF57TXCX3ufd2	4.335816002540635	193.7385697285989	189.40275372605825	9
1743005920	vrDD6j0aEnQfytObzHmMJYKTeFf2	3.33577399418843	161.83729461281567	158.50152061862724	7
1743006091	vrDD6j0aEnQfytObzHmMJYKTeFf2	4.745628696704575	64.8766653676226	60.131036670918036	8
1743016882	M3RVTGHWrAMCChSiCDrpejluqjQ2	0.1826176558646924	89.59001297388018	89.40739531801549	12
1743017516	I5PkY0CN4APYEiJFCl7sORsrQxu2	0.8152806377665218	110.27013015749964	109.45484951973312	10
1743018876	d4lLmJzVbJaLpyCuafResXOry3t2	0.0284505844880435	70.16258343558378	70.13413285109574	11
1743021158	Sn3Nw7A3OmOkiMXEFjEyRusLuuo2	0.9801170979357962	206.30397839803092	205.32386130009513	7
1743021753	Sn3Nw7A3OmOkiMXEFjEyRusLuuo2	0.7997418337862443	278.292142228665	277.49240039487876	7
1743022105	eQ9VyOzVOCQWR7uTGBGzvfh3rUJ2	0.9414576147938154	115.71136507763312	114.7699074628393	8
1743022443	eQ9VyOzVOCQWR7uTGBGzvfh3rUJ2	0.8113657152345809	98.0688863430226	97.25752062778801	13
1743029787	EOwDjm2STZfXSXQJzWXadFRGRzn1	1.1878318577966205	115.13372063606116	113.94588877826453	7
1743030433	kTMUXkYb5leGiYEcapITFVWKLCu1	3.8100292702386502	76.93404407102554	73.1240148007869	7
1743032180	THJAu4lbjHRa32ysgvSU3Etlb0d2	1.5415521150494034	82.02207120615094	80.48051909110154	7
1743033103	THJAu4lbjHRa32ysgvSU3Etlb0d2	1.6763707225148206	109.4141344554792	107.73776373296438	4
1743033650	mHWscHBXcoabM7fdw88AliGuPWw1	3.9190911981394425	75.08334542985507	71.16425423171563	10
1743034049	mHWscHBXcoabM7fdw88AliGuPWw1	1.0646818419251578	119.35628992596456	118.2916080840394	7
1743039412	ukKF4sCANzgmD16fyjMyO7VwR2A2	0.1804154707052169	120.36568119438677	120.18526572368155	17
1743043588	0FdMSMtn95PJ9tLFeW3F4sFLPMh1	3.657826168555827	58.39628995043141	54.73846378187558	9
1743043835	0FdMSMtn95PJ9tLFeW3F4sFLPMh1	0.8733580400446322	101.24203571775304	100.3686776777084	12
1743044185	0FdMSMtn95PJ9tLFeW3F4sFLPMh1	0.7701775731194263	126.47364451057456	125.70346693745513	13
1743076731	ihIoefKsGwTDai7fGs9x3DyNvju2	1.6404341588379503	65.29605763626267	63.655623477424726	8
1743079725	H7rAk5StNLc0VysmHcZQZTQFpBx2	1.5760226229868448	47.917419529436046	46.3413969064492	7
1743120197	8AhIEcEU81Sn83Fyb0gnFvpiNij2	1.730906602093185	193.1390729200716	191.40816631797844	10
1743128471	0FdMSMtn95PJ9tLFeW3F4sFLPMh1	0.1812832533456438	119.54427651118428	119.36299325783864	15
1743128893	0FdMSMtn95PJ9tLFeW3F4sFLPMh1	0.4443503614432336	133.8537995683628	133.40944920691956	17
1743129370	0FdMSMtn95PJ9tLFeW3F4sFLPMh1	1.24996419513805	140.48926311861663	139.23929892347857	19
1743174942	eQ9VyOzVOCQWR7uTGBGzvfh3rUJ2	1.1867861399273445	60.65760051742282	59.47081437749548	11
1743175200	eQ9VyOzVOCQWR7uTGBGzvfh3rUJ2	0.0	92.900955389597	92.900955389597	12
1743175416	eQ9VyOzVOCQWR7uTGBGzvfh3rUJ2	0.4796132499264876	106.11364730680626	105.63403405687977	6
1743194311	u2hytH2KWIS6ewdShfEZisygqIo2	2.0950642353842968	88.34374684764549	86.24868261226119	6
1743194542	u2hytH2KWIS6ewdShfEZisygqIo2	2.184982882606771	91.7595534976777	89.57457061507093	9
1743199806	21Dw9jLeIqWjrAuRHI1RG1qPz853	0.3262197224762891	109.31543955678735	108.98921983431106	13
1743206693	gUfM3yODstSdwltidtEzSlIo0q93	1.7224061618993105	134.6767366341092	132.9543304722099	7
1743207173	gUfM3yODstSdwltidtEzSlIo0q93	3.578066337108812	201.80460498121585	198.22653864410702	6
1743269442	UHGZEyBQklbC0GB3JZMa5l8yuGT2	1.71061090695844	155.77228530107948	154.06167439412104	7
1743276724	HGLxgWVfJZWhAsqMf761d40h3eQ2	0.2724745284341267	179.25187722879377	178.97940270035966	6
1743345755	b7tT96cSBaaiNnMJ2KcuOQPRkO83	0.6212712418300653	106.7500196646212	106.12874842279115	9
1743376400	gUfM3yODstSdwltidtEzSlIo0q93	1.3781447819863524	252.0814781999774	250.70333341799105	8
1743376662	tHP0GvI5hccNGBzYfgE2pkEHXiW2	0.5449443191684099	78.7065361802199	78.16159186105149	9
1743376852	tHP0GvI5hccNGBzYfgE2pkEHXiW2	0.5248555886360281	77.75556106757645	77.23070547894042	8
1743377006	jWPmLFrSHDZItPTjjPUB8KAsjlq2	0.3753632263965833	66.92586308305523	66.55049985665865	10
1743377134	tHP0GvI5hccNGBzYfgE2pkEHXiW2	0.3022254411414982	84.43943040255797	84.13720496141647	8
1743377469	tHP0GvI5hccNGBzYfgE2pkEHXiW2	1.230613748134045	144.64846697666397	143.41785322852994	6
1743377835	tHP0GvI5hccNGBzYfgE2pkEHXiW2	1.4034517859342226	75.53845678759515	74.13500500166093	7
1743378291	tHP0GvI5hccNGBzYfgE2pkEHXiW2	0.0	69.05844336298541	69.05844336298541	7
1743380161	flpss45kNMRJ1OyjEiJaPFx5rCo2	0.809687419256372	65.29124272617307	64.48155530691669	10
1743380445	flpss45kNMRJ1OyjEiJaPFx5rCo2	1.456868384647079	129.402871493222	127.94600310857491	17
1743380548	sHl4il5Li8NKe5aMecUSJyXBFco2	0.9581443741833656	67.73667617084288	66.77853179665952	11
1743380602	mHWscHBXcoabM7fdw88AliGuPWw1	1.651260565340909	97.26658211323536	95.61532154789445	14
1743380663	flpss45kNMRJ1OyjEiJaPFx5rCo2	1.1740082631355344	118.54687634775529	117.37286808461975	22
1743380887	mHWscHBXcoabM7fdw88AliGuPWw1	0.1727778390489095	94.62413872814086	94.45136088909196	8
1743381216	mHWscHBXcoabM7fdw88AliGuPWw1	1.418036257690877	84.6513441085564	83.23330785086553	8
1743381442	mHWscHBXcoabM7fdw88AliGuPWw1	0.9720955122828502	77.66150910507315	76.6894135927903	8
1743381734	mHWscHBXcoabM7fdw88AliGuPWw1	0.1854338177523505	84.01428394930831	83.82885013155595	9
1743434512	TzE1wYChYkTUAVNeVtZjXuO8cBi2	0.7591693684210525	22.845640826685308	22.086471458264256	11
1743434705	TzE1wYChYkTUAVNeVtZjXuO8cBi2	3.451260589888985	109.85372867274737	106.40246808285838	6
1743434872	TzE1wYChYkTUAVNeVtZjXuO8cBi2	0.7010400886132183	43.30892025217486	42.60788016356164	10
1743435016	TzE1wYChYkTUAVNeVtZjXuO8cBi2	15.213777503947725	65.45190482390673	50.238127319959005	8
1743435247	TzE1wYChYkTUAVNeVtZjXuO8cBi2	0.969811850141424	77.59932710996969	76.62951525982827	9
1743455830	tHP0GvI5hccNGBzYfgE2pkEHXiW2	0.364605139990186	212.0316601903449	211.66705505035472	9
1743456209	tHP0GvI5hccNGBzYfgE2pkEHXiW2	0.6033811390716876	203.39730103389977	202.79391989482806	9
1743456350	tHP0GvI5hccNGBzYfgE2pkEHXiW2	1.9450493440144692	66.63687702410871	64.69182768009425	5
1743456471	tHP0GvI5hccNGBzYfgE2pkEHXiW2	0.9851977324710997	65.55327726880482	64.56807953633373	8
1743456867	tHP0GvI5hccNGBzYfgE2pkEHXiW2	0.3539821526201214	75.87090884237234	75.51692668975222	7
1743457124	tHP0GvI5hccNGBzYfgE2pkEHXiW2	1.670301399251518	69.67095583070513	68.00065443145361	6
1743463169	mHWscHBXcoabM7fdw88AliGuPWw1	0.794118811881188	28.55914844385585	27.765029631974663	10
1743463980	lEq1lXM2xafR8w5blWO2OCG8VE93	1.7459436826079622	102.96227258578875	101.2163289031808	8
1743467290	HGLxgWVfJZWhAsqMf761d40h3eQ2	0.945589515037036	337.2667516328046	336.3211621177675	6
1743541016	lEq1lXM2xafR8w5blWO2OCG8VE93	1.5075554844064585	92.62040117193276	91.1128456875263	8
1743542725	tHP0GvI5hccNGBzYfgE2pkEHXiW2	0.4509791061020545	74.81877634886627	74.36779724276421	12
1743542906	tHP0GvI5hccNGBzYfgE2pkEHXiW2	0.2560223228984544	93.09757619428734	92.84155387138888	8
1743543079	tHP0GvI5hccNGBzYfgE2pkEHXiW2	0.4512434470938897	91.1063359639213	90.65509251682741	14
1743543984	EfKQNmht2ebtDnNadrezErlhcDF3	1.279919908604624	56.07210612326563	54.792186214661	8
1743544365	EfKQNmht2ebtDnNadrezErlhcDF3	1.5559011555980626	55.818935621449285	54.26303446585122	14
1743544680	EfKQNmht2ebtDnNadrezErlhcDF3	0.752824199349392	66.12030098567753	65.36747678632814	11
1743544924	EfKQNmht2ebtDnNadrezErlhcDF3	2.1074023206491304	70.47267103356947	68.36526871292034	10
1743550860	aKXkeU8QguUwr1lDK1mxXri9hqN2	0.1559045904590459	50.87621428749696	50.72030969703791	6
1743619578	Gt0cspsUtRSvEXXHZKUWlVAfyVq2	0.4619261945786611	64.48273090649603	64.02080471191736	8
1743619802	Gt0cspsUtRSvEXXHZKUWlVAfyVq2	0.0	41.144451520639926	41.144451520639926	8
1743725869	ihIoefKsGwTDai7fGs9x3DyNvju2	2.0683449385414945	89.65001101998504	87.58166608144354	12
1743880682	jWPmLFrSHDZItPTjjPUB8KAsjlq2	1.5936789702127054	63.087697910387966	61.49401894017526	13
1743954193	lEq1lXM2xafR8w5blWO2OCG8VE93	2.480007334342532	120.2369813888426	117.75697405450006	12
1743981904	ihIoefKsGwTDai7fGs9x3DyNvju2	2.0479391315370346	110.03624551109728	107.98830637956024	9
1744032613	TuMLdL1f2yNIrFrzMedBpwdsxCA3	0.0	232.00141770673577	232.00141770673577	6
1744069252	EOwDjm2STZfXSXQJzWXadFRGRzn1	0.6894698457961205	218.34671943135575	217.65724958555964	6
1744069610	EOwDjm2STZfXSXQJzWXadFRGRzn1	0.2082195490549054	189.71165578246232	189.5034362334074	8
1744070088	EOwDjm2STZfXSXQJzWXadFRGRzn1	0.0745263817787418	258.58352423756344	258.5089978557847	6
1744243968	EOwDjm2STZfXSXQJzWXadFRGRzn1	1.8988430913679315	179.0616488344507	177.16280574308277	9
1744244305	EOwDjm2STZfXSXQJzWXadFRGRzn1	1.092936375703344	114.72591399984442	113.63297762414108	6
